"","sa2_id","sa2_name","state"
"1",1,"Alexandra Hills","Queensland"
"2",2,"Belmont - Gumdale","Queensland"
"3",3,"Birkdale","Queensland"
"4",4,"Capalaba","Queensland"
"5",5,"Thorneside","Queensland"
"6",6,"Wellington Point","Queensland"
"7",7,"Cleveland","Queensland"
"8",8,"Ormiston","Queensland"
"9",9,"Redland Bay","Queensland"
"10",10,"Sheldon - Mount Cotton","Queensland"
"11",11,"Thornlands","Queensland"
"12",12,"Victoria Point","Queensland"
"13",13,"Redland Islands","Queensland"
"14",14,"Manly - Lota","Queensland"
"15",15,"Manly West","Queensland"
"16",16,"Murarrie","Queensland"
"17",17,"Tingalpa","Queensland"
"18",18,"Wakerley","Queensland"
"19",19,"Wynnum","Queensland"
"20",20,"Wynnum West - Hemmant","Queensland"
"21",21,"Bald Hills","Queensland"
"22",22,"Bridgeman Downs","Queensland"
"23",23,"Carseldine","Queensland"
"24",24,"Everton Park","Queensland"
"25",25,"McDowall","Queensland"
"26",26,"Aspley","Queensland"
"27",27,"Chermside","Queensland"
"28",28,"Chermside West","Queensland"
"29",29,"Geebung","Queensland"
"30",30,"Kedron - Gordon Park","Queensland"
"31",31,"Stafford","Queensland"
"32",32,"Stafford Heights","Queensland"
"33",33,"Wavell Heights","Queensland"
"34",34,"Boondall","Queensland"
"35",35,"Eagle Farm - Pinkenba","Queensland"
"36",36,"Northgate - Virginia","Queensland"
"37",37,"Nudgee - Banyo","Queensland"
"38",38,"Nundah","Queensland"
"39",39,"Bracken Ridge","Queensland"
"40",40,"Brighton (Qld)","Queensland"
"41",41,"Deagon","Queensland"
"42",42,"Sandgate - Shorncliffe","Queensland"
"43",43,"Taigum - Fitzgibbon","Queensland"
"44",44,"Zillmere","Queensland"
"45",45,"Camp Hill","Queensland"
"46",46,"Cannon Hill","Queensland"
"47",47,"Carina","Queensland"
"48",48,"Carina Heights","Queensland"
"49",49,"Carindale","Queensland"
"50",50,"Annerley","Queensland"
"51",51,"Coorparoo","Queensland"
"52",52,"Fairfield - Dutton Park","Queensland"
"53",53,"Greenslopes","Queensland"
"54",54,"Holland Park","Queensland"
"55",55,"Holland Park West","Queensland"
"56",56,"Woolloongabba","Queensland"
"57",57,"Yeronga","Queensland"
"58",58,"Eight Mile Plains","Queensland"
"59",59,"Macgregor (Qld)","Queensland"
"60",60,"Mansfield (Qld)","Queensland"
"61",61,"Mount Gravatt","Queensland"
"62",62,"Rochedale - Burbank","Queensland"
"63",63,"Upper Mount Gravatt","Queensland"
"64",64,"Wishart","Queensland"
"65",65,"Coopers Plains","Queensland"
"66",66,"Moorooka","Queensland"
"67",67,"Robertson","Queensland"
"68",68,"Salisbury - Nathan","Queensland"
"69",69,"Tarragindi","Queensland"
"70",70,"Algester","Queensland"
"71",71,"Calamvale - Stretton","Queensland"
"72",72,"Pallara - Willawong","Queensland"
"73",73,"Parkinson - Drewvale","Queensland"
"74",74,"Rocklea - Acacia Ridge","Queensland"
"75",75,"Kuraby","Queensland"
"76",76,"Runcorn","Queensland"
"77",77,"Sunnybank","Queensland"
"78",78,"Sunnybank Hills","Queensland"
"79",79,"Jindalee - Mount Ommaney","Queensland"
"80",80,"Middle Park - Jamboree Heights","Queensland"
"81",81,"Riverhills","Queensland"
"82",82,"Seventeen Mile Rocks - Sinnamon Park","Queensland"
"83",83,"Westlake","Queensland"
"84",84,"Bellbowrie - Moggill","Queensland"
"85",85,"Brookfield - Kenmore Hills","Queensland"
"86",86,"Chapel Hill","Queensland"
"87",87,"Fig Tree Pocket","Queensland"
"88",88,"Kenmore","Queensland"
"89",89,"Pinjarra Hills - Pullenvale","Queensland"
"90",90,"Chelmer - Graceville","Queensland"
"91",91,"Corinda","Queensland"
"92",92,"Indooroopilly","Queensland"
"93",93,"Sherwood","Queensland"
"94",94,"St Lucia","Queensland"
"95",95,"Taringa","Queensland"
"96",96,"Enoggera","Queensland"
"97",97,"Keperra","Queensland"
"98",98,"Mitchelton","Queensland"
"99",99,"The Gap","Queensland"
"100",100,"Upper Kedron - Ferny Grove","Queensland"
"101",101,"Brisbane City","Queensland"
"102",102,"Fortitude Valley","Queensland"
"103",103,"Highgate Hill","Queensland"
"104",104,"Kangaroo Point","Queensland"
"105",105,"New Farm","Queensland"
"106",106,"South Brisbane","Queensland"
"107",107,"Spring Hill","Queensland"
"108",108,"West End","Queensland"
"109",109,"Balmoral","Queensland"
"110",110,"Bulimba","Queensland"
"111",111,"East Brisbane","Queensland"
"112",112,"Hawthorne","Queensland"
"113",113,"Morningside - Seven Hills","Queensland"
"114",114,"Norman Park","Queensland"
"115",115,"Albion","Queensland"
"116",116,"Alderley","Queensland"
"117",117,"Ascot","Queensland"
"118",118,"Clayfield","Queensland"
"119",119,"Grange","Queensland"
"120",120,"Hamilton (Qld)","Queensland"
"121",121,"Hendra","Queensland"
"122",122,"Kelvin Grove - Herston","Queensland"
"123",123,"Newmarket","Queensland"
"124",124,"Newstead - Bowen Hills","Queensland"
"125",125,"Wilston","Queensland"
"126",126,"Windsor","Queensland"
"127",127,"Wooloowin - Lutwyche","Queensland"
"128",128,"Ashgrove","Queensland"
"129",129,"Auchenflower","Queensland"
"130",130,"Bardon","Queensland"
"131",131,"Paddington - Milton","Queensland"
"132",132,"Red Hill (Qld)","Queensland"
"133",133,"Toowong","Queensland"
"134",134,"Brinsmead","Queensland"
"135",135,"Clifton Beach - Kewarra Beach","Queensland"
"136",136,"Freshwater - Stratford","Queensland"
"137",137,"Redlynch","Queensland"
"138",138,"Trinity Beach - Smithfield","Queensland"
"139",139,"Yorkeys Knob - Machans Beach","Queensland"
"140",140,"Bentley Park","Queensland"
"141",141,"Cairns City","Queensland"
"142",142,"Earlville - Bayview Heights","Queensland"
"143",143,"Edmonton","Queensland"
"144",144,"Gordonvale - Trinity","Queensland"
"145",145,"Kanimbla - Mooroobool","Queensland"
"146",146,"Manoora","Queensland"
"147",147,"Manunda","Queensland"
"148",148,"Mount Sheridan","Queensland"
"149",149,"Westcourt - Bungalow","Queensland"
"150",150,"White Rock","Queensland"
"151",151,"Whitfield - Edge Hill","Queensland"
"152",152,"Woree","Queensland"
"153",153,"Babinda","Queensland"
"154",154,"Innisfail","Queensland"
"155",155,"Johnstone","Queensland"
"156",156,"Tully","Queensland"
"157",157,"Yarrabah","Queensland"
"158",158,"Daintree","Queensland"
"159",159,"Port Douglas","Queensland"
"160",160,"Atherton","Queensland"
"161",161,"Herberton","Queensland"
"162",162,"Kuranda","Queensland"
"163",163,"Malanda - Yungaburra","Queensland"
"164",164,"Mareeba","Queensland"
"165",165,"Balonne","Queensland"
"166",166,"Chinchilla","Queensland"
"167",167,"Goondiwindi","Queensland"
"168",168,"Inglewood - Waggamba","Queensland"
"169",169,"Miles - Wandoan","Queensland"
"170",170,"Roma","Queensland"
"171",171,"Roma Region","Queensland"
"172",172,"Tara","Queensland"
"173",173,"Crows Nest - Rosalie","Queensland"
"174",174,"Jondaryan","Queensland"
"175",175,"Millmerran","Queensland"
"176",176,"Pittsworth","Queensland"
"177",177,"Wambo","Queensland"
"178",178,"Clifton - Greenmount","Queensland"
"179",179,"Southern Downs - East","Queensland"
"180",180,"Southern Downs - West","Queensland"
"181",181,"Stanthorpe","Queensland"
"182",182,"Stanthorpe Region","Queensland"
"183",183,"Warwick","Queensland"
"184",184,"Central Highlands - East","Queensland"
"185",185,"Central Highlands - West","Queensland"
"186",186,"Emerald","Queensland"
"187",187,"Berserker","Queensland"
"188",188,"Bouldercombe","Queensland"
"189",189,"Emu Park","Queensland"
"190",190,"Frenchville - Mount Archer","Queensland"
"191",191,"Glenlee - Rockyview","Queensland"
"192",192,"Gracemere","Queensland"
"193",193,"Lakes Creek","Queensland"
"194",194,"Mount Morgan","Queensland"
"195",195,"Norman Gardens","Queensland"
"196",196,"Park Avenue","Queensland"
"197",197,"Parkhurst - Kawana","Queensland"
"198",198,"Rockhampton - West","Queensland"
"199",199,"Rockhampton City","Queensland"
"200",200,"Rockhampton Region - East","Queensland"
"201",201,"Rockhampton Region - North","Queensland"
"202",202,"Rockhampton Region - West","Queensland"
"203",203,"The Range - Allenstown","Queensland"
"204",204,"Yeppoon","Queensland"
"205",205,"Banana","Queensland"
"206",206,"Biloela","Queensland"
"207",207,"Agnes Water - Miriam Vale","Queensland"
"208",208,"Boyne Island - Tannum Sands","Queensland"
"209",209,"Clinton - New Auckland","Queensland"
"210",210,"Gladstone","Queensland"
"211",211,"Gladstone Hinterland","Queensland"
"212",212,"Kin Kora - Sun Valley","Queensland"
"213",213,"Telina - Toolooa","Queensland"
"214",214,"West Gladstone","Queensland"
"215",215,"Broadbeach Waters","Queensland"
"216",216,"Burleigh Heads","Queensland"
"217",217,"Burleigh Waters","Queensland"
"218",218,"Mermaid Beach - Broadbeach","Queensland"
"219",219,"Mermaid Waters","Queensland"
"220",220,"Miami","Queensland"
"221",221,"Coolangatta","Queensland"
"222",222,"Currumbin - Tugun","Queensland"
"223",223,"Currumbin Waters","Queensland"
"224",224,"Elanora","Queensland"
"225",225,"Palm Beach","Queensland"
"226",226,"Arundel","Queensland"
"227",227,"Biggera Waters","Queensland"
"228",228,"Coombabah","Queensland"
"229",229,"Labrador","Queensland"
"230",230,"Paradise Point - Hollywell","Queensland"
"231",231,"Runaway Bay","Queensland"
"232",232,"Guanaba - Springbrook","Queensland"
"233",233,"Tamborine - Canungra","Queensland"
"234",234,"Currumbin Valley - Tallebudgera","Queensland"
"235",235,"Mudgeeraba - Bonogin","Queensland"
"236",236,"Reedy Creek - Andrews","Queensland"
"237",237,"Carrara","Queensland"
"238",238,"Highland Park","Queensland"
"239",239,"Nerang - Mount Nathan","Queensland"
"240",240,"Pacific Pines - Gaven","Queensland"
"241",241,"Worongary - Tallai","Queensland"
"242",242,"Coomera","Queensland"
"243",243,"Helensvale","Queensland"
"244",244,"Hope Island","Queensland"
"245",245,"Jacobs Well - Alberton","Queensland"
"246",246,"Ormeau - Yatala","Queensland"
"247",247,"Oxenford - Maudsland","Queensland"
"248",248,"Pimpama","Queensland"
"249",249,"Upper Coomera - Willow Vale","Queensland"
"250",250,"Clear Island Waters","Queensland"
"251",251,"Merrimac","Queensland"
"252",252,"Robina","Queensland"
"253",253,"Varsity Lakes","Queensland"
"254",254,"Ashmore","Queensland"
"255",255,"Molendinar","Queensland"
"256",256,"Parkwood","Queensland"
"257",257,"Southport - North","Queensland"
"258",258,"Southport - South","Queensland"
"259",259,"Benowa","Queensland"
"260",260,"Bundall","Queensland"
"261",261,"Main Beach","Queensland"
"262",262,"Surfers Paradise","Queensland"
"263",263,"Darra - Sumner","Queensland"
"264",264,"Durack","Queensland"
"265",265,"Forest Lake - Doolandella","Queensland"
"266",266,"Inala - Richlands","Queensland"
"267",267,"Oxley (Qld)","Queensland"
"268",268,"Wacol","Queensland"
"269",269,"Boonah","Queensland"
"270",270,"Esk","Queensland"
"271",271,"Lockyer Valley - East","Queensland"
"272",272,"Lowood","Queensland"
"273",273,"Rosewood","Queensland"
"274",274,"Brassall","Queensland"
"275",275,"Bundamba","Queensland"
"276",276,"Churchill - Yamanto","Queensland"
"277",277,"Ipswich - Central","Queensland"
"278",278,"Ipswich - East","Queensland"
"279",279,"Ipswich - North","Queensland"
"280",280,"Karalee - Barellan Point","Queensland"
"281",281,"Karana Downs","Queensland"
"282",282,"Leichhardt - One Mile","Queensland"
"283",283,"North Ipswich - Tivoli","Queensland"
"284",284,"Raceview","Queensland"
"285",285,"Ripley","Queensland"
"286",286,"Riverview","Queensland"
"287",287,"Bellbird Park - Brookwater","Queensland"
"288",288,"Camira - Gailes","Queensland"
"289",289,"Collingwood Park - Redbank","Queensland"
"290",290,"Goodna","Queensland"
"291",291,"Redbank Plains","Queensland"
"292",292,"Springfield","Queensland"
"293",293,"Springfield Lakes","Queensland"
"294",294,"Beaudesert","Queensland"
"295",295,"Beenleigh","Queensland"
"296",296,"Eagleby","Queensland"
"297",297,"Edens Landing - Holmview","Queensland"
"298",298,"Mount Warren Park","Queensland"
"299",299,"Wolffdene - Bahrs Scrub","Queensland"
"300",300,"Boronia Heights - Park Ridge","Queensland"
"301",301,"Browns Plains","Queensland"
"302",302,"Chambers Flat - Logan Reserve","Queensland"
"303",303,"Crestmead","Queensland"
"304",304,"Hillcrest","Queensland"
"305",305,"Marsden","Queensland"
"306",306,"Munruben - Park Ridge South","Queensland"
"307",307,"Regents Park - Heritage Park","Queensland"
"308",308,"Greenbank","Queensland"
"309",309,"Jimboomba","Queensland"
"310",310,"Logan Village","Queensland"
"311",311,"Bethania - Waterford","Queensland"
"312",312,"Cornubia - Carbrook","Queensland"
"313",313,"Loganholme - Tanah Merah","Queensland"
"314",314,"Loganlea","Queensland"
"315",315,"Shailer Park","Queensland"
"316",316,"Waterford West","Queensland"
"317",317,"Daisy Hill","Queensland"
"318",318,"Kingston (Qld.)","Queensland"
"319",319,"Logan Central","Queensland"
"320",320,"Rochedale South - Priestdale","Queensland"
"321",321,"Slacks Creek","Queensland"
"322",322,"Springwood","Queensland"
"323",323,"Underwood","Queensland"
"324",324,"Woodridge","Queensland"
"325",325,"Bowen","Queensland"
"326",326,"Broadsound - Nebo","Queensland"
"327",327,"Clermont","Queensland"
"328",328,"Collinsville","Queensland"
"329",329,"Moranbah","Queensland"
"330",330,"Andergrove - Beaconsfield","Queensland"
"331",331,"East Mackay","Queensland"
"332",332,"Eimeo - Rural View","Queensland"
"333",333,"Mackay","Queensland"
"334",334,"Mackay Harbour","Queensland"
"335",335,"Mount Pleasant - Glenella","Queensland"
"336",336,"North Mackay","Queensland"
"337",337,"Ooralea - Bakers Creek","Queensland"
"338",338,"Pioneer Valley","Queensland"
"339",339,"Sarina","Queensland"
"340",340,"Seaforth - Calen","Queensland"
"341",341,"Shoal Point - Bucasia","Queensland"
"342",342,"Slade Point","Queensland"
"343",343,"South Mackay","Queensland"
"344",344,"Walkerston - Eton","Queensland"
"345",345,"West Mackay","Queensland"
"346",346,"Airlie - Whitsundays","Queensland"
"347",347,"Proserpine","Queensland"
"348",348,"Beachmere - Sandstone Point","Queensland"
"349",349,"Bribie Island","Queensland"
"350",350,"Burpengary - East","Queensland"
"351",351,"Caboolture","Queensland"
"352",352,"Caboolture - South","Queensland"
"353",353,"Elimbah","Queensland"
"354",354,"Morayfield - East","Queensland"
"355",355,"Wamuran","Queensland"
"356",356,"Kilcoy","Queensland"
"357",357,"Woodford - D'Aguilar","Queensland"
"358",358,"Burpengary","Queensland"
"359",359,"Deception Bay","Queensland"
"360",360,"Morayfield","Queensland"
"361",361,"Narangba","Queensland"
"362",362,"Upper Caboolture","Queensland"
"363",363,"Clontarf","Queensland"
"364",364,"Margate - Woody Point","Queensland"
"365",365,"Redcliffe","Queensland"
"366",366,"Rothwell - Kippa-Ring","Queensland"
"367",367,"Scarborough - Newport - Moreton Island","Queensland"
"368",368,"Albany Creek","Queensland"
"369",369,"Cashmere","Queensland"
"370",370,"Dayboro","Queensland"
"371",371,"Eatons Hill","Queensland"
"372",372,"The Hills District","Queensland"
"373",373,"Samford Valley","Queensland"
"374",374,"Dakabin - Kallangur","Queensland"
"375",375,"Murrumba Downs - Griffin","Queensland"
"376",376,"North Lakes - Mango Hill","Queensland"
"377",377,"Bray Park","Queensland"
"378",378,"Lawnton","Queensland"
"379",379,"Petrie","Queensland"
"380",380,"Strathpine - Brendale","Queensland"
"381",381,"Aurukun","Queensland"
"382",382,"Cape York","Queensland"
"383",383,"Croydon - Etheridge","Queensland"
"384",384,"Kowanyama - Pormpuraaw","Queensland"
"385",385,"Northern Peninsula","Queensland"
"386",386,"Tablelands","Queensland"
"387",387,"Torres","Queensland"
"388",388,"Torres Strait Islands","Queensland"
"389",389,"Weipa","Queensland"
"390",390,"Carpentaria","Queensland"
"391",391,"Mount Isa","Queensland"
"392",392,"Mount Isa Region","Queensland"
"393",393,"Northern Highlands","Queensland"
"394",394,"Barcaldine - Blackall","Queensland"
"395",395,"Charleville","Queensland"
"396",396,"Far Central West","Queensland"
"397",397,"Far South West","Queensland"
"398",398,"Longreach","Queensland"
"399",399,"Buderim - North","Queensland"
"400",400,"Buderim - South","Queensland"
"401",401,"Mountain Creek","Queensland"
"402",402,"Sippy Downs","Queensland"
"403",403,"Aroona - Currimundi","Queensland"
"404",404,"Buddina - Minyama","Queensland"
"405",405,"Caloundra - Kings Beach","Queensland"
"406",406,"Caloundra - West","Queensland"
"407",407,"Golden Beach - Pelican Waters","Queensland"
"408",408,"Moffat Beach - Battery Hill","Queensland"
"409",409,"Parrearra - Warana","Queensland"
"410",410,"Wurtulla - Birtinya","Queensland"
"411",411,"Coolum Beach","Queensland"
"412",412,"Marcoola - Mudjimba","Queensland"
"413",413,"Maroochydore - Kuluin","Queensland"
"414",414,"Mooloolaba - Alexandra Headland","Queensland"
"415",415,"Noosa Heads","Queensland"
"416",416,"Noosaville","Queensland"
"417",417,"Sunshine Beach","Queensland"
"418",418,"Tewantin","Queensland"
"419",419,"Peregian Beach - Marcus Beach","Queensland"
"420",420,"Peregian Springs","Queensland"
"421",421,"Beerwah","Queensland"
"422",422,"Caloundra Hinterland","Queensland"
"423",423,"Glass House Mountains","Queensland"
"424",424,"Landsborough","Queensland"
"425",425,"Maroochy Hinterland","Queensland"
"426",426,"Palmwoods","Queensland"
"427",427,"Bli Bli","Queensland"
"428",428,"Diddillibah - Rosemount","Queensland"
"429",429,"Eumundi - Yandina","Queensland"
"430",430,"Nambour","Queensland"
"431",431,"Noosa Hinterland","Queensland"
"432",432,"Cambooya - Wyreema","Queensland"
"433",433,"Darling Heights","Queensland"
"434",434,"Drayton - Harristown","Queensland"
"435",435,"Gatton","Queensland"
"436",436,"Gowrie (Qld)","Queensland"
"437",437,"Highfields","Queensland"
"438",438,"Lockyer Valley - West","Queensland"
"439",439,"Middle Ridge","Queensland"
"440",440,"Newtown (Qld)","Queensland"
"441",441,"North Toowoomba - Harlaxton","Queensland"
"442",442,"Rangeville","Queensland"
"443",443,"Toowoomba - Central","Queensland"
"444",444,"Toowoomba - East","Queensland"
"445",445,"Toowoomba - West","Queensland"
"446",446,"Wilsonton","Queensland"
"447",447,"Ayr","Queensland"
"448",448,"Burdekin","Queensland"
"449",449,"Charters Towers","Queensland"
"450",450,"Dalrymple","Queensland"
"451",451,"Ingham","Queensland"
"452",452,"Ingham Region","Queensland"
"453",453,"Palm Island","Queensland"
"454",454,"Aitkenvale","Queensland"
"455",455,"Annandale","Queensland"
"456",456,"Belgian Gardens - Pallarenda","Queensland"
"457",457,"Bohle Plains","Queensland"
"458",458,"Condon - Rasmussen","Queensland"
"459",459,"Cranbrook","Queensland"
"460",460,"Deeragun","Queensland"
"461",461,"Douglas","Queensland"
"462",462,"Garbutt - West End","Queensland"
"463",463,"Gulliver - Currajong - Vincent","Queensland"
"464",464,"Heatley","Queensland"
"465",465,"Hermit Park - Rosslea","Queensland"
"466",466,"Hyde Park - Pimlico","Queensland"
"467",467,"Kelso","Queensland"
"468",468,"Kirwan - East","Queensland"
"469",469,"Kirwan - West","Queensland"
"470",470,"Magnetic Island","Queensland"
"471",471,"Mount Louisa","Queensland"
"472",472,"Mundingburra","Queensland"
"473",473,"Northern Beaches","Queensland"
"474",474,"Oonoonba","Queensland"
"475",475,"South Townsville - Railway Estate","Queensland"
"476",476,"Townsville - South","Queensland"
"477",477,"Townsville City - North Ward","Queensland"
"478",478,"Wulguru - Roseneath","Queensland"
"479",479,"Ashfield - Kepnock","Queensland"
"480",480,"Bargara - Burnett Heads","Queensland"
"481",481,"Branyan - Kensington","Queensland"
"482",482,"Bundaberg","Queensland"
"483",483,"Bundaberg East - Kalkie","Queensland"
"484",484,"Bundaberg North - Gooburrum","Queensland"
"485",485,"Bundaberg Region - North","Queensland"
"486",486,"Bundaberg Region - South","Queensland"
"487",487,"Millbank - Avoca","Queensland"
"488",488,"Svensson Heights - Norville","Queensland"
"489",489,"Walkervale - Avenell Heights","Queensland"
"490",490,"Gayndah - Mundubbera","Queensland"
"491",491,"Gin Gin","Queensland"
"492",492,"Kingaroy","Queensland"
"493",493,"Kingaroy Region - North","Queensland"
"494",494,"Kingaroy Region - South","Queensland"
"495",495,"Monto - Eidsvold","Queensland"
"496",496,"Nanango","Queensland"
"497",497,"Cooloola","Queensland"
"498",498,"Gympie - North","Queensland"
"499",499,"Gympie - South","Queensland"
"500",500,"Gympie Region","Queensland"
"501",501,"Kilkivan","Queensland"
"502",502,"Booral - River Heads","Queensland"
"503",503,"Craignish - Dundowran Beach","Queensland"
"504",504,"Pialba - Eli Waters","Queensland"
"505",505,"Point Vernon","Queensland"
"506",506,"Torquay - Scarness - Kawungan","Queensland"
"507",507,"Urangan - Wondunna","Queensland"
"508",508,"Burrum - Fraser","Queensland"
"509",509,"Granville","Queensland"
"510",510,"Maryborough (Qld)","Queensland"
"511",511,"Maryborough Region - South","Queensland"
"512",512,"Tinana","Queensland"
"513",513,"Braidwood","New South Wales"
"514",514,"Karabar","New South Wales"
"515",515,"Queanbeyan","New South Wales"
"516",516,"Queanbeyan - East","New South Wales"
"517",517,"Queanbeyan Region","New South Wales"
"518",518,"Queanbeyan West - Jerrabomberra","New South Wales"
"519",519,"Bombala","New South Wales"
"520",520,"Cooma","New South Wales"
"521",521,"Cooma Region","New South Wales"
"522",522,"Jindabyne - Berridale","New South Wales"
"523",523,"Batemans Bay","New South Wales"
"524",524,"Batemans Bay - South","New South Wales"
"525",525,"Bega - Tathra","New South Wales"
"526",526,"Bega-Eden Hinterland","New South Wales"
"527",527,"Broulee - Tomakin","New South Wales"
"528",528,"Eden","New South Wales"
"529",529,"Eurobodalla Hinterland","New South Wales"
"530",530,"Merimbula - Tura Beach","New South Wales"
"531",531,"Moruya - Tuross Head","New South Wales"
"532",532,"Narooma - Bermagui","New South Wales"
"533",533,"Goulburn","New South Wales"
"534",534,"Goulburn Region","New South Wales"
"535",535,"Yass","New South Wales"
"536",536,"Yass Region","New South Wales"
"537",537,"Young","New South Wales"
"538",538,"Young Region","New South Wales"
"539",539,"Avoca Beach - Copacabana","New South Wales"
"540",540,"Box Head - MacMasters Beach","New South Wales"
"541",541,"Calga - Kulnura","New South Wales"
"542",542,"Erina - Green Point","New South Wales"
"543",543,"Gosford - Springfield","New South Wales"
"544",544,"Kariong","New South Wales"
"545",545,"Kincumber - Picketts Valley","New South Wales"
"546",546,"Narara","New South Wales"
"547",547,"Niagara Park - Lisarow","New South Wales"
"548",548,"Point Clare - Koolewong","New South Wales"
"549",549,"Saratoga - Davistown","New South Wales"
"550",550,"Terrigal - North Avoca","New South Wales"
"551",551,"Umina - Booker Bay - Patonga","New South Wales"
"552",552,"Wamberal - Forresters Beach","New South Wales"
"553",553,"Woy Woy - Blackwall","New South Wales"
"554",554,"Wyoming","New South Wales"
"555",555,"Bateau Bay - Killarney Vale","New South Wales"
"556",556,"Blue Haven - San Remo","New South Wales"
"557",557,"Budgewoi - Buff Point - Halekulani","New South Wales"
"558",558,"Chittaway Bay - Tumbi Umbi","New South Wales"
"559",559,"Gorokan - Kanwal - Charmhaven","New South Wales"
"560",560,"Jilliby - Yarramalong","New South Wales"
"561",561,"Lake Munmorah - Mannering Park","New South Wales"
"562",562,"Ourimbah - Fountaindale","New South Wales"
"563",563,"Summerland Point - Gwandalan","New South Wales"
"564",564,"The Entrance","New South Wales"
"565",565,"Toukley - Norah Head","New South Wales"
"566",566,"Tuggerah - Kangy Angy","New South Wales"
"567",567,"Warnervale - Wadalba","New South Wales"
"568",568,"Wyong","New South Wales"
"569",569,"Bathurst","New South Wales"
"570",570,"Bathurst - East","New South Wales"
"571",571,"Bathurst Region","New South Wales"
"572",572,"Oberon","New South Wales"
"573",573,"Condobolin","New South Wales"
"574",574,"Cowra","New South Wales"
"575",575,"Cowra Region","New South Wales"
"576",576,"Forbes","New South Wales"
"577",577,"Grenfell","New South Wales"
"578",578,"Parkes (NSW)","New South Wales"
"579",579,"Parkes Region","New South Wales"
"580",580,"West Wyalong","New South Wales"
"581",581,"Lithgow","New South Wales"
"582",582,"Lithgow Region","New South Wales"
"583",583,"Mudgee","New South Wales"
"584",584,"Mudgee Region - East","New South Wales"
"585",585,"Mudgee Region - West","New South Wales"
"586",586,"Blayney","New South Wales"
"587",587,"Orange","New South Wales"
"588",588,"Orange - North","New South Wales"
"589",589,"Orange Region","New South Wales"
"590",590,"Grafton","New South Wales"
"591",591,"Grafton Region","New South Wales"
"592",592,"Maclean - Yamba - Iluka","New South Wales"
"593",593,"Bellingen","New South Wales"
"594",594,"Coffs Harbour - North","New South Wales"
"595",595,"Coffs Harbour - South","New South Wales"
"596",596,"Coramba - Nana Glen - Bucca","New South Wales"
"597",597,"Dorrigo","New South Wales"
"598",598,"Korora - Emerald Beach","New South Wales"
"599",599,"Sawtell - Boambee","New South Wales"
"600",600,"Urunga","New South Wales"
"601",601,"Woolgoolga - Arrawarra","New South Wales"
"602",602,"Bourke - Brewarrina","New South Wales"
"603",603,"Cobar","New South Wales"
"604",604,"Coonamble","New South Wales"
"605",605,"Nyngan - Warren","New South Wales"
"606",606,"Walgett - Lightning Ridge","New South Wales"
"607",607,"Broken Hill","New South Wales"
"608",608,"Far West","New South Wales"
"609",609,"Coonabarabran","New South Wales"
"610",610,"Dubbo - East","New South Wales"
"611",611,"Dubbo - South","New South Wales"
"612",612,"Dubbo - West","New South Wales"
"613",613,"Dubbo Region","New South Wales"
"614",614,"Gilgandra","New South Wales"
"615",615,"Narromine","New South Wales"
"616",616,"Wellington","New South Wales"
"617",617,"Branxton - Greta - Pokolbin","New South Wales"
"618",618,"Cessnock","New South Wales"
"619",619,"Cessnock Region","New South Wales"
"620",620,"Dungog","New South Wales"
"621",621,"Kurri Kurri - Abermain","New South Wales"
"622",622,"Singleton","New South Wales"
"623",623,"Singleton Region","New South Wales"
"624",624,"Maitland","New South Wales"
"625",625,"Maitland - East","New South Wales"
"626",626,"Maitland - North","New South Wales"
"627",627,"Maitland - West","New South Wales"
"628",628,"Thornton - Millers Forest","New South Wales"
"629",629,"Anna Bay","New South Wales"
"630",630,"Lemon Tree Passage - Tanilba Bay","New South Wales"
"631",631,"Nelson Bay Peninsula","New South Wales"
"632",632,"Raymond Terrace","New South Wales"
"633",633,"Seaham - Woodville","New South Wales"
"634",634,"Tea Gardens - Hawks Nest","New South Wales"
"635",635,"Williamtown - Medowie - Karuah","New South Wales"
"636",636,"Muswellbrook","New South Wales"
"637",637,"Muswellbrook Region","New South Wales"
"638",638,"Scone","New South Wales"
"639",639,"Scone Region","New South Wales"
"640",640,"Dapto - Avondale","New South Wales"
"641",641,"Horsley - Kembla Grange","New South Wales"
"642",642,"Unanderra - Mount Kembla","New South Wales"
"643",643,"Berkeley - Lake Heights - Cringila","New South Wales"
"644",644,"Port Kembla - Warrawong","New South Wales"
"645",645,"Windang - Primbee","New South Wales"
"646",646,"Albion Park - Macquarie Pass","New South Wales"
"647",647,"Albion Park Rail","New South Wales"
"648",648,"Kiama","New South Wales"
"649",649,"Kiama Downs - Minnamurra","New South Wales"
"650",650,"Kiama Hinterland - Gerringong","New South Wales"
"651",651,"Shellharbour - Flinders","New South Wales"
"652",652,"Shellharbour - Oak Flats","New South Wales"
"653",653,"Warilla","New South Wales"
"654",654,"Balgownie - Fairy Meadow","New South Wales"
"655",655,"Corrimal - Tarrawanna - Bellambi","New South Wales"
"656",656,"Figtree - Keiraville","New South Wales"
"657",657,"Helensburgh","New South Wales"
"658",658,"Thirroul - Austinmer - Coalcliff","New South Wales"
"659",659,"Woonona - Bulli - Russell Vale","New South Wales"
"660",660,"Wollongong - East","New South Wales"
"661",661,"Wollongong - West","New South Wales"
"662",662,"Bulahdelah - Stroud","New South Wales"
"663",663,"Forster","New South Wales"
"664",664,"Forster-Tuncurry Region","New South Wales"
"665",665,"Tuncurry","New South Wales"
"666",666,"Kempsey","New South Wales"
"667",667,"Kempsey Region","New South Wales"
"668",668,"Macksville - Scotts Head","New South Wales"
"669",669,"Nambucca Heads","New South Wales"
"670",670,"Nambucca Heads Region","New South Wales"
"671",671,"South West Rocks","New South Wales"
"672",672,"Laurieton - Bonny Hills","New South Wales"
"673",673,"Port Macquarie - East","New South Wales"
"674",674,"Port Macquarie - West","New South Wales"
"675",675,"Port Macquarie Region","New South Wales"
"676",676,"Wauchope","New South Wales"
"677",677,"Gloucester","New South Wales"
"678",678,"Old Bar - Manning Point - Red Head","New South Wales"
"679",679,"Taree","New South Wales"
"680",680,"Taree Region","New South Wales"
"681",681,"Wingham","New South Wales"
"682",682,"Albury - East","New South Wales"
"683",683,"Albury - North","New South Wales"
"684",684,"Albury - South","New South Wales"
"685",685,"Albury Region","New South Wales"
"686",686,"Lavington","New South Wales"
"687",687,"Hay","New South Wales"
"688",688,"Wentworth - Buronga","New South Wales"
"689",689,"Wentworth-Balranald Region","New South Wales"
"690",690,"Corowa","New South Wales"
"691",691,"Corowa Region","New South Wales"
"692",692,"Deniliquin","New South Wales"
"693",693,"Deniliquin Region","New South Wales"
"694",694,"Moama","New South Wales"
"695",695,"Tocumwal - Finley - Jerilderie","New South Wales"
"696",696,"Armidale","New South Wales"
"697",697,"Armidale Region - North","New South Wales"
"698",698,"Armidale Region - South","New South Wales"
"699",699,"Walcha","New South Wales"
"700",700,"Glen Innes","New South Wales"
"701",701,"Inverell","New South Wales"
"702",702,"Inverell Region - East","New South Wales"
"703",703,"Inverell Region - West","New South Wales"
"704",704,"Tenterfield","New South Wales"
"705",705,"Moree","New South Wales"
"706",706,"Moree Region","New South Wales"
"707",707,"Narrabri","New South Wales"
"708",708,"Narrabri Region","New South Wales"
"709",709,"Gunnedah","New South Wales"
"710",710,"Gunnedah Region","New South Wales"
"711",711,"Quirindi","New South Wales"
"712",712,"Tamworth - East","New South Wales"
"713",713,"Tamworth - North","New South Wales"
"714",714,"Tamworth - West","New South Wales"
"715",715,"Tamworth Region","New South Wales"
"716",716,"Belmont - Bennetts Green","New South Wales"
"717",717,"Belmont South - Blacksmiths","New South Wales"
"718",718,"Charlestown - Dudley","New South Wales"
"719",719,"Glendale - Cardiff - Hillsborough","New South Wales"
"720",720,"Mount Hutton - Windale","New South Wales"
"721",721,"Redhead","New South Wales"
"722",722,"Swansea - Caves Beach","New South Wales"
"723",723,"Valentine - Eleebana","New South Wales"
"724",724,"Warners Bay - Boolaroo","New South Wales"
"725",725,"Bolton Point - Teralba","New South Wales"
"726",726,"Bonnells Bay - Silverwater","New South Wales"
"727",727,"Edgeworth - Cameron Park","New South Wales"
"728",728,"Morisset - Cooranbong","New South Wales"
"729",729,"Toronto - Awaba","New South Wales"
"730",730,"Wangi Wangi - Rathmines","New South Wales"
"731",731,"West Wallsend - Barnsley - Killingworth","New South Wales"
"732",732,"Adamstown - Kotara","New South Wales"
"733",733,"Beresfield - Hexham","New South Wales"
"734",734,"Hamilton - Broadmeadow","New South Wales"
"735",735,"Lambton - New Lambton","New South Wales"
"736",736,"Maryland - Fletcher - Minmi","New South Wales"
"737",737,"Mayfield - Warabrook","New South Wales"
"738",738,"Merewether - The Junction","New South Wales"
"739",739,"Newcastle - Cooks Hill","New South Wales"
"740",740,"Shortland - Jesmond","New South Wales"
"741",741,"Stockton - Fullerton Cove","New South Wales"
"742",742,"Wallsend - Elermore Vale","New South Wales"
"743",743,"Waratah - North Lambton","New South Wales"
"744",744,"Wickham - Carrington - Tighes Hill","New South Wales"
"745",745,"Ballina","New South Wales"
"746",746,"Ballina Region","New South Wales"
"747",747,"Bangalow","New South Wales"
"748",748,"Brunswick Heads - Ocean Shores","New South Wales"
"749",749,"Byron Bay","New South Wales"
"750",750,"Evans Head","New South Wales"
"751",751,"Lennox Head - Skennars Head","New South Wales"
"752",752,"Mullumbimby","New South Wales"
"753",753,"Casino","New South Wales"
"754",754,"Casino Region","New South Wales"
"755",755,"Goonellabah","New South Wales"
"756",756,"Kyogle","New South Wales"
"757",757,"Lismore","New South Wales"
"758",758,"Lismore Region","New South Wales"
"759",759,"Kingscliff - Fingal Head","New South Wales"
"760",760,"Murwillumbah","New South Wales"
"761",761,"Murwillumbah Region","New South Wales"
"762",762,"Pottsville","New South Wales"
"763",763,"Tweed Heads","New South Wales"
"764",764,"Banora Point","New South Wales"
"765",765,"Terranora - North Tumblegum","New South Wales"
"766",766,"Tweed Heads South","New South Wales"
"767",767,"Griffith (NSW)","New South Wales"
"768",768,"Griffith Region","New South Wales"
"769",769,"Leeton","New South Wales"
"770",770,"Narrandera","New South Wales"
"771",771,"Tumbarumba","New South Wales"
"772",772,"Tumut","New South Wales"
"773",773,"Tumut Region","New South Wales"
"774",774,"Cootamundra","New South Wales"
"775",775,"Gundagai","New South Wales"
"776",776,"Junee","New South Wales"
"777",777,"Temora","New South Wales"
"778",778,"Wagga Wagga - East","New South Wales"
"779",779,"Wagga Wagga - North","New South Wales"
"780",780,"Wagga Wagga - South","New South Wales"
"781",781,"Wagga Wagga - West","New South Wales"
"782",782,"Wagga Wagga Region","New South Wales"
"783",783,"Berry - Kangaroo Valley","New South Wales"
"784",784,"Callala Bay - Currarong","New South Wales"
"785",785,"Culburra Beach","New South Wales"
"786",786,"Huskisson - Vincentia","New South Wales"
"787",787,"North Nowra - Bomaderry","New South Wales"
"788",788,"Nowra","New South Wales"
"789",789,"St Georges Basin - Erowal Bay","New South Wales"
"790",790,"Sussex Inlet - Berrara","New South Wales"
"791",791,"Tomerong - Wandandian - Woollamia","New South Wales"
"792",792,"Ulladulla","New South Wales"
"793",793,"Ulladulla Region","New South Wales"
"794",794,"Bowral","New South Wales"
"795",795,"Hill Top - Colo Vale","New South Wales"
"796",796,"Mittagong","New South Wales"
"797",797,"Moss Vale - Berrima","New South Wales"
"798",798,"Robertson - Fitzroy Falls","New South Wales"
"799",799,"Southern Highlands","New South Wales"
"800",800,"Baulkham Hills (East)","New South Wales"
"801",801,"Baulkham Hills (West) - Bella Vista","New South Wales"
"802",802,"Glenhaven","New South Wales"
"803",803,"West Pennant Hills","New South Wales"
"804",804,"Castle Hill - Central","New South Wales"
"805",805,"Castle Hill - East","New South Wales"
"806",806,"Castle Hill - North","New South Wales"
"807",807,"Castle Hill - South","New South Wales"
"808",808,"Castle Hill - West","New South Wales"
"809",809,"Cherrybrook","New South Wales"
"810",810,"Kellyville","New South Wales"
"811",811,"Dural - Kenthurst - Wisemans Ferry","New South Wales"
"812",812,"Galston - Laughtondale","New South Wales"
"813",813,"Bilpin - Colo - St Albans","New South Wales"
"814",814,"Kurrajong Heights - Ebenezer","New South Wales"
"815",815,"Pitt Town - McGraths Hill","New South Wales"
"816",816,"Rouse Hill - Beaumont Hills","New South Wales"
"817",817,"Blacktown (East) - Kings Park","New South Wales"
"818",818,"Blacktown (North) - Marayong","New South Wales"
"819",819,"Doonside - Woodcroft","New South Wales"
"820",820,"Lalor Park - Kings Langley","New South Wales"
"821",821,"Seven Hills - Toongabbie","New South Wales"
"822",822,"Blacktown (South)","New South Wales"
"823",823,"Blacktown (West)","New South Wales"
"824",824,"Glenwood","New South Wales"
"825",825,"Parklea - Kellyville Ridge","New South Wales"
"826",826,"Riverstone - Marsden Park","New South Wales"
"827",827,"Acacia Gardens","New South Wales"
"828",828,"Quakers Hill","New South Wales"
"829",829,"Bidwill - Hebersham - Emerton","New South Wales"
"830",830,"Glendenning - Dean Park","New South Wales"
"831",831,"Hassall Grove - Plumpton","New South Wales"
"832",832,"Lethbridge Park - Tregear","New South Wales"
"833",833,"Mount Druitt - Whalan","New South Wales"
"834",834,"Rooty Hill - Minchinbury","New South Wales"
"835",835,"Botany","New South Wales"
"836",836,"Mascot - Eastlakes","New South Wales"
"837",837,"Pagewood - Hillsdale - Daceyville","New South Wales"
"838",838,"Marrickville","New South Wales"
"839",839,"Petersham - Stanmore","New South Wales"
"840",840,"Sydenham - Tempe - St Peters","New South Wales"
"841",841,"Darlinghurst","New South Wales"
"842",842,"Erskineville - Alexandria","New South Wales"
"843",843,"Glebe - Forest Lodge","New South Wales"
"844",844,"Newtown - Camperdown - Darlington","New South Wales"
"845",845,"Potts Point - Woolloomooloo","New South Wales"
"846",846,"Pyrmont - Ultimo","New South Wales"
"847",847,"Redfern - Chippendale","New South Wales"
"848",848,"Surry Hills","New South Wales"
"849",849,"Sydney - Haymarket - The Rocks","New South Wales"
"850",850,"Waterloo - Beaconsfield","New South Wales"
"851",851,"Bondi - Tamarama - Bronte","New South Wales"
"852",852,"Bondi Beach - North Bondi","New South Wales"
"853",853,"Bondi Junction - Waverly","New South Wales"
"854",854,"Double Bay - Bellevue Hill","New South Wales"
"855",855,"Dover Heights","New South Wales"
"856",856,"Paddington - Moore Park","New South Wales"
"857",857,"Rose Bay - Vaucluse - Watsons Bay","New South Wales"
"858",858,"Woollahra","New South Wales"
"859",859,"Coogee - Clovelly","New South Wales"
"860",860,"Malabar - La Perouse - Chifley","New South Wales"
"861",861,"Kensington (NSW)","New South Wales"
"862",862,"Kingsford","New South Wales"
"863",863,"Maroubra - North","New South Wales"
"864",864,"Maroubra - South","New South Wales"
"865",865,"Maroubra - West","New South Wales"
"866",866,"Randwick - North","New South Wales"
"867",867,"Randwick - South","New South Wales"
"868",868,"Bass Hill - Georges Hall","New South Wales"
"869",869,"Chullora","New South Wales"
"870",870,"Condell Park","New South Wales"
"871",871,"Greenacre - Mount Lewis","New South Wales"
"872",872,"Padstow","New South Wales"
"873",873,"Panania - Milperra - Picnic Point","New South Wales"
"874",874,"Revesby","New South Wales"
"875",875,"Yagoona - Birrong","New South Wales"
"876",876,"Bankstown - North","New South Wales"
"877",877,"Bankstown - South","New South Wales"
"878",878,"Belmore - Belfield","New South Wales"
"879",879,"Canterbury (South) - Campsie","New South Wales"
"880",880,"Kingsgrove (North) - Earlwood","New South Wales"
"881",881,"Punchbowl","New South Wales"
"882",882,"Roselands","New South Wales"
"883",883,"Lakemba","New South Wales"
"884",884,"Wiley Park","New South Wales"
"885",885,"Hurstville","New South Wales"
"886",886,"Mortdale - Penshurst","New South Wales"
"887",887,"Narwee - Beverly Hills","New South Wales"
"888",888,"Oatley - Hurstville Grove","New South Wales"
"889",889,"Peakhurst - Lugarno","New South Wales"
"890",890,"Riverwood","New South Wales"
"891",891,"South Hurstville - Blakehurst","New South Wales"
"892",892,"Arncliffe - Bardwell Valley","New South Wales"
"893",893,"Bexley","New South Wales"
"894",894,"Kingsgrove (South) - Bardwell Park","New South Wales"
"895",895,"Kogarah","New South Wales"
"896",896,"Kogarah Bay - Carlton - Allawah","New South Wales"
"897",897,"Monterey - Brighton-le-Sands - Kyeemagh","New South Wales"
"898",898,"Rockdale - Banksia","New South Wales"
"899",899,"Sans Souci - Ramsgate","New South Wales"
"900",900,"Concord - Mortlake - Cabarita","New South Wales"
"901",901,"Concord West - North Strathfield","New South Wales"
"902",902,"Drummoyne - Rodd Point","New South Wales"
"903",903,"Five Dock - Abbotsford","New South Wales"
"904",904,"Balmain","New South Wales"
"905",905,"Leichhardt - Annandale","New South Wales"
"906",906,"Lilyfield - Rozelle","New South Wales"
"907",907,"Ashfield","New South Wales"
"908",908,"Burwood - Croydon","New South Wales"
"909",909,"Canterbury (North) - Ashbury","New South Wales"
"910",910,"Croydon Park - Enfield","New South Wales"
"911",911,"Dulwich Hill - Lewisham","New South Wales"
"912",912,"Haberfield - Summer Hill","New South Wales"
"913",913,"Homebush","New South Wales"
"914",914,"Strathfield","New South Wales"
"915",915,"Strathfield South","New South Wales"
"916",916,"Chatswood (East) - Artarmon","New South Wales"
"917",917,"Chatswood (West) - Lane Cove North","New South Wales"
"918",918,"Lane Cove - Greenwich","New South Wales"
"919",919,"St Leonards - Naremburn","New South Wales"
"920",920,"Willoughby - Castle Cove - Northbridge","New South Wales"
"921",921,"Asquith - Mount Colah","New South Wales"
"922",922,"Berowra - Brooklyn - Cowan","New South Wales"
"923",923,"Normanhurst - Thornleigh - Westleigh","New South Wales"
"924",924,"Hornsby - East","New South Wales"
"925",925,"Hornsby - West","New South Wales"
"926",926,"Waitara - Wahroonga (West)","New South Wales"
"927",927,"Gordon - Killara","New South Wales"
"928",928,"Lindfield - Roseville","New South Wales"
"929",929,"Pymble","New South Wales"
"930",930,"St Ives","New South Wales"
"931",931,"Turramurra","New South Wales"
"932",932,"Wahroonga (East) - Warrawee","New South Wales"
"933",933,"Cremorne - Cammeray","New South Wales"
"934",934,"Crows Nest - Waverton","New South Wales"
"935",935,"Mosman","New South Wales"
"936",936,"Neutral Bay - Kirribilli","New South Wales"
"937",937,"North Sydney - Lavender Bay","New South Wales"
"938",938,"Balgowlah - Clontarf - Seaforth","New South Wales"
"939",939,"Manly - Fairlight","New South Wales"
"940",940,"Avalon - Palm Beach","New South Wales"
"941",941,"Bayview - Elanora Heights","New South Wales"
"942",942,"Newport - Bilgola","New South Wales"
"943",943,"Warriewood - Mona Vale","New South Wales"
"944",944,"Beacon Hill - Narraweena","New South Wales"
"945",945,"Cromer","New South Wales"
"946",946,"Dee Why - North Curl Curl","New South Wales"
"947",947,"Forestville - Killarney Heights","New South Wales"
"948",948,"Frenchs Forest - Belrose","New South Wales"
"949",949,"Freshwater - Brookvale","New South Wales"
"950",950,"Manly Vale - Allambie Heights","New South Wales"
"951",951,"Narrabeen - Collaroy","New South Wales"
"952",952,"Terrey Hills - Duffys Forest","New South Wales"
"953",953,"Camden - Ellis Lane","New South Wales"
"954",954,"Elderslie - Harrington Park","New South Wales"
"955",955,"Mount Annan - Currans Hill","New South Wales"
"956",956,"Bradbury - Wedderburn","New South Wales"
"957",957,"Campbelltown - Woodbine","New South Wales"
"958",958,"Claymore - Eagle Vale - Raby","New South Wales"
"959",959,"Ingleburn - Denham Court","New South Wales"
"960",960,"Leumeah - Minto Heights","New South Wales"
"961",961,"Macquarie Fields - Glenfield","New South Wales"
"962",962,"Minto - St Andrews","New South Wales"
"963",963,"Rosemeadow - Glen Alpine","New South Wales"
"964",964,"Bargo","New South Wales"
"965",965,"Douglas Park - Appin","New South Wales"
"966",966,"Picton - Tahmoor - Buxton","New South Wales"
"967",967,"The Oaks - Oakdale","New South Wales"
"968",968,"Blackheath - Megalong Valley","New South Wales"
"969",969,"Blaxland - Warrimoo - Lapstone","New South Wales"
"970",970,"Katoomba - Leura","New South Wales"
"971",971,"Lawson - Hazelbrook - Linden","New South Wales"
"972",972,"Springwood - Winmalee","New South Wales"
"973",973,"Wentworth Falls","New South Wales"
"974",974,"Cambridge Park","New South Wales"
"975",975,"Castlereagh - Cranebrook","New South Wales"
"976",976,"Emu Plains - Leonay","New South Wales"
"977",977,"Glenmore Park - Regentville","New South Wales"
"978",978,"Jamisontown - South Penrith","New South Wales"
"979",979,"Kingswood - Werrington","New South Wales"
"980",980,"Mulgoa - Luddenham - Orchard Hills","New South Wales"
"981",981,"Penrith","New South Wales"
"982",982,"Warragamba - Silverdale","New South Wales"
"983",983,"Richmond - Clarendon","New South Wales"
"984",984,"Windsor - Bligh Park","New South Wales"
"985",985,"Yarramundi - Londonderry","New South Wales"
"986",986,"Erskine Park","New South Wales"
"987",987,"St Clair","New South Wales"
"988",988,"Colyton - Oxley Park","New South Wales"
"989",989,"St Marys - North St Marys","New South Wales"
"990",990,"Homebush Bay - Silverwater","New South Wales"
"991",991,"Auburn - Central","New South Wales"
"992",992,"Auburn - North","New South Wales"
"993",993,"Auburn - South","New South Wales"
"994",994,"Berala","New South Wales"
"995",995,"Lidcombe","New South Wales"
"996",996,"Regents Park","New South Wales"
"997",997,"Carlingford","New South Wales"
"998",998,"Ermington - Rydalmere","New South Wales"
"999",999,"Oatlands - Dundas Valley","New South Wales"
"1000",1000,"Chester Hill - Sefton","New South Wales"
"1001",1001,"Fairfield - East","New South Wales"
"1002",1002,"Granville - Clyde","New South Wales"
"1003",1003,"Greystanes - Pemulwuy","New South Wales"
"1004",1004,"Guildford - South Granville","New South Wales"
"1005",1005,"Guildford West - Merrylands West","New South Wales"
"1006",1006,"Merrylands - Holroyd","New South Wales"
"1007",1007,"North Parramatta","New South Wales"
"1008",1008,"North Rocks","New South Wales"
"1009",1009,"Northmead","New South Wales"
"1010",1010,"Parramatta - Rosehill","New South Wales"
"1011",1011,"Toongabbie - Constitution Hill","New South Wales"
"1012",1012,"Winston Hills","New South Wales"
"1013",1013,"Pendle Hill - Girraween","New South Wales"
"1014",1014,"Wentworthville - Westmead","New South Wales"
"1015",1015,"Epping - North Epping","New South Wales"
"1016",1016,"Pennant Hills - Cheltenham","New South Wales"
"1017",1017,"Eastwood - Denistone","New South Wales"
"1018",1018,"Gladesville - Huntleys Point","New South Wales"
"1019",1019,"Hunters Hill - Woolwich","New South Wales"
"1020",1020,"Macquarie Park - Marsfield","New South Wales"
"1021",1021,"North Ryde - East Ryde","New South Wales"
"1022",1022,"West Ryde - Meadowbank","New South Wales"
"1023",1023,"Putney","New South Wales"
"1024",1024,"Ryde","New South Wales"
"1025",1025,"Ashcroft - Busby - Miller","New South Wales"
"1026",1026,"Austral - Greendale","New South Wales"
"1027",1027,"Cobbitty - Leppington","New South Wales"
"1028",1028,"Cecil Hills","New South Wales"
"1029",1029,"Green Valley","New South Wales"
"1030",1030,"Hinchinbrook","New South Wales"
"1031",1031,"Hoxton Park - Carnes Hill - Horningsea Park","New South Wales"
"1032",1032,"West Hoxton - Middleton Grange","New South Wales"
"1033",1033,"Bonnyrigg Heights - Bonnyrigg","New South Wales"
"1034",1034,"Bossley Park - Abbotsbury","New South Wales"
"1035",1035,"Cabramatta - Lansvale","New South Wales"
"1036",1036,"Cabramatta West - Mount Pritchard","New South Wales"
"1037",1037,"Canley Vale - Canley Heights","New South Wales"
"1038",1038,"Edensor Park","New South Wales"
"1039",1039,"Fairfield","New South Wales"
"1040",1040,"Fairfield - West","New South Wales"
"1041",1041,"Greenfield Park - Prairiewood","New South Wales"
"1042",1042,"Horsley Park - Kemps Creek","New South Wales"
"1043",1043,"Smithfield - Wetherill Park","New South Wales"
"1044",1044,"St Johns Park - Wakeley","New South Wales"
"1045",1045,"Casula","New South Wales"
"1046",1046,"Chipping Norton - Moorebank","New South Wales"
"1047",1047,"Holsworthy - Wattle Grove","New South Wales"
"1048",1048,"Liverpool","New South Wales"
"1049",1049,"Lurnea - Cartwright","New South Wales"
"1050",1050,"Prestons - Edmondson Park","New South Wales"
"1051",1051,"Warwick Farm","New South Wales"
"1052",1052,"Gymea - Grays Point","New South Wales"
"1053",1053,"Miranda - Yowie Bay","New South Wales"
"1054",1054,"Sylvania - Taren Point","New South Wales"
"1055",1055,"Caringbah","New South Wales"
"1056",1056,"Caringbah South","New South Wales"
"1057",1057,"Cronulla - Kurnell - Bundeena","New South Wales"
"1058",1058,"Lilli Pilli - Port Hacking - Dolans Bay","New South Wales"
"1059",1059,"Woolaware - Burraneer","New South Wales"
"1060",1060,"Heathcote - Waterfall","New South Wales"
"1061",1061,"Illawong - Alfords Point","New South Wales"
"1062",1062,"Menai - Lucas Heights - Woronora","New South Wales"
"1063",1063,"Oyster Bay - Como - Jannali","New South Wales"
"1064",1064,"Sutherland - Kirrawee","New South Wales"
"1065",1065,"Engadine","New South Wales"
"1066",1066,"Loftus - Yarrawarrah","New South Wales"
"1067",1067,"Woronora Heights","New South Wales"
"1068",1068,"Alfredton","Victoria"
"1069",1069,"Ballarat","Victoria"
"1070",1070,"Ballarat - North","Victoria"
"1071",1071,"Ballarat - South","Victoria"
"1072",1072,"Buninyong","Victoria"
"1073",1073,"Delacombe","Victoria"
"1074",1074,"Smythes Creek","Victoria"
"1075",1075,"Wendouree - Miners Rest","Victoria"
"1076",1076,"Bacchus Marsh Region","Victoria"
"1077",1077,"Creswick - Clunes","Victoria"
"1078",1078,"Daylesford","Victoria"
"1079",1079,"Gordon (Vic.)","Victoria"
"1080",1080,"Avoca","Victoria"
"1081",1081,"Beaufort","Victoria"
"1082",1082,"Golden Plains - North","Victoria"
"1083",1083,"Maryborough (Vic.)","Victoria"
"1084",1084,"Maryborough Region","Victoria"
"1085",1085,"Bendigo","Victoria"
"1086",1086,"California Gully - Eaglehawk","Victoria"
"1087",1087,"East Bendigo - Kennington","Victoria"
"1088",1088,"Flora Hill - Spring Gully","Victoria"
"1089",1089,"Kangaroo Flat - Golden Square","Victoria"
"1090",1090,"Maiden Gully","Victoria"
"1091",1091,"Strathfieldsaye","Victoria"
"1092",1092,"White Hills - Ascot","Victoria"
"1093",1093,"Bendigo Region - South","Victoria"
"1094",1094,"Castlemaine","Victoria"
"1095",1095,"Castlemaine Region","Victoria"
"1096",1096,"Heathcote","Victoria"
"1097",1097,"Kyneton","Victoria"
"1098",1098,"Woodend","Victoria"
"1099",1099,"Bendigo Region - North","Victoria"
"1100",1100,"Loddon","Victoria"
"1101",1101,"Bannockburn","Victoria"
"1102",1102,"Golden Plains - South","Victoria"
"1103",1103,"Winchelsea","Victoria"
"1104",1104,"Belmont","Victoria"
"1105",1105,"Corio - Norlane","Victoria"
"1106",1106,"Geelong","Victoria"
"1107",1107,"Geelong West - Hamlyn Heights","Victoria"
"1108",1108,"Grovedale","Victoria"
"1109",1109,"Highton","Victoria"
"1110",1110,"Lara","Victoria"
"1111",1111,"Leopold","Victoria"
"1112",1112,"Newcomb - Moolap","Victoria"
"1113",1113,"Newtown (Vic.)","Victoria"
"1114",1114,"North Geelong - Bell Park","Victoria"
"1115",1115,"Clifton Springs","Victoria"
"1116",1116,"Lorne - Anglesea","Victoria"
"1117",1117,"Ocean Grove - Barwon Heads","Victoria"
"1118",1118,"Portarlington","Victoria"
"1119",1119,"Point Lonsdale - Queenscliff","Victoria"
"1120",1120,"Torquay","Victoria"
"1121",1121,"Alexandra","Victoria"
"1122",1122,"Euroa","Victoria"
"1123",1123,"Kilmore - Broadford","Victoria"
"1124",1124,"Mansfield (Vic.)","Victoria"
"1125",1125,"Nagambie","Victoria"
"1126",1126,"Seymour","Victoria"
"1127",1127,"Seymour Region","Victoria"
"1128",1128,"Yea","Victoria"
"1129",1129,"Benalla","Victoria"
"1130",1130,"Benalla Region","Victoria"
"1131",1131,"Rutherglen","Victoria"
"1132",1132,"Wangaratta","Victoria"
"1133",1133,"Wangaratta Region","Victoria"
"1134",1134,"Beechworth","Victoria"
"1135",1135,"Bright - Mount Beauty","Victoria"
"1136",1136,"Chiltern - Indigo Valley","Victoria"
"1137",1137,"Myrtleford","Victoria"
"1138",1138,"Towong","Victoria"
"1139",1139,"West Wodonga","Victoria"
"1140",1140,"Wodonga","Victoria"
"1141",1141,"Yackandandah","Victoria"
"1142",1142,"Drouin","Victoria"
"1143",1143,"Mount Baw Baw Region","Victoria"
"1144",1144,"Trafalgar (Vic.)","Victoria"
"1145",1145,"Warragul","Victoria"
"1146",1146,"Bairnsdale","Victoria"
"1147",1147,"Bruthen - Omeo","Victoria"
"1148",1148,"Lakes Entrance","Victoria"
"1149",1149,"Orbost","Victoria"
"1150",1150,"Paynesville","Victoria"
"1151",1151,"Foster","Victoria"
"1152",1152,"Korumburra","Victoria"
"1153",1153,"Leongatha","Victoria"
"1154",1154,"Phillip Island","Victoria"
"1155",1155,"Wonthaggi - Inverloch","Victoria"
"1156",1156,"Churchill","Victoria"
"1157",1157,"Moe - Newborough","Victoria"
"1158",1158,"Morwell","Victoria"
"1159",1159,"Traralgon","Victoria"
"1160",1160,"Yallourn North - Glengarry","Victoria"
"1161",1161,"Longford - Loch Sport","Victoria"
"1162",1162,"Maffra","Victoria"
"1163",1163,"Rosedale","Victoria"
"1164",1164,"Sale","Victoria"
"1165",1165,"Yarram","Victoria"
"1166",1166,"Brunswick","Victoria"
"1167",1167,"Brunswick East","Victoria"
"1168",1168,"Brunswick West","Victoria"
"1169",1169,"Coburg","Victoria"
"1170",1170,"Pascoe Vale South","Victoria"
"1171",1171,"Alphington - Fairfield","Victoria"
"1172",1172,"Northcote","Victoria"
"1173",1173,"Thornbury","Victoria"
"1174",1174,"Ascot Vale","Victoria"
"1175",1175,"Essendon - Aberfeldie","Victoria"
"1176",1176,"Flemington","Victoria"
"1177",1177,"Moonee Ponds","Victoria"
"1178",1178,"Carlton","Victoria"
"1179",1179,"Docklands","Victoria"
"1180",1180,"East Melbourne","Victoria"
"1181",1181,"Kensington (Vic.)","Victoria"
"1182",1182,"Melbourne","Victoria"
"1183",1183,"North Melbourne","Victoria"
"1184",1184,"Parkville","Victoria"
"1185",1185,"South Yarra - West","Victoria"
"1186",1186,"Southbank","Victoria"
"1187",1187,"Albert Park","Victoria"
"1188",1188,"Elwood","Victoria"
"1189",1189,"Port Melbourne","Victoria"
"1190",1190,"South Melbourne","Victoria"
"1191",1191,"St Kilda","Victoria"
"1192",1192,"St Kilda East","Victoria"
"1193",1193,"Armadale","Victoria"
"1194",1194,"Prahran - Windsor","Victoria"
"1195",1195,"South Yarra - East","Victoria"
"1196",1196,"Toorak","Victoria"
"1197",1197,"Abbotsford","Victoria"
"1198",1198,"Carlton North - Princes Hill","Victoria"
"1199",1199,"Collingwood","Victoria"
"1200",1200,"Fitzroy","Victoria"
"1201",1201,"Fitzroy North","Victoria"
"1202",1202,"Richmond (Vic.)","Victoria"
"1203",1203,"Yarra - North","Victoria"
"1204",1204,"Ashburton (Vic.)","Victoria"
"1205",1205,"Balwyn","Victoria"
"1206",1206,"Balwyn North","Victoria"
"1207",1207,"Camberwell","Victoria"
"1208",1208,"Glen Iris - East","Victoria"
"1209",1209,"Hawthorn","Victoria"
"1210",1210,"Hawthorn East","Victoria"
"1211",1211,"Kew","Victoria"
"1212",1212,"Kew East","Victoria"
"1213",1213,"Surrey Hills (West) - Canterbury","Victoria"
"1214",1214,"Bulleen","Victoria"
"1215",1215,"Doncaster","Victoria"
"1216",1216,"Templestowe","Victoria"
"1217",1217,"Templestowe Lower","Victoria"
"1218",1218,"Doncaster East (North)","Victoria"
"1219",1219,"Doncaster East (South)","Victoria"
"1220",1220,"Blackburn","Victoria"
"1221",1221,"Blackburn South","Victoria"
"1222",1222,"Box Hill","Victoria"
"1223",1223,"Box Hill North","Victoria"
"1224",1224,"Burwood","Victoria"
"1225",1225,"Burwood East","Victoria"
"1226",1226,"Surrey Hills (East) - Mont Albert","Victoria"
"1227",1227,"Beaumaris","Victoria"
"1228",1228,"Brighton (Vic.)","Victoria"
"1229",1229,"Brighton East","Victoria"
"1230",1230,"Cheltenham - Highett (West)","Victoria"
"1231",1231,"Hampton","Victoria"
"1232",1232,"Sandringham - Black Rock","Victoria"
"1233",1233,"Bentleigh - McKinnon","Victoria"
"1234",1234,"Carnegie","Victoria"
"1235",1235,"Caulfield - North","Victoria"
"1236",1236,"Caulfield - South","Victoria"
"1237",1237,"Elsternwick","Victoria"
"1238",1238,"Hughesdale","Victoria"
"1239",1239,"Murrumbeena","Victoria"
"1240",1240,"Ormond - Glen Huntly","Victoria"
"1241",1241,"Bentleigh East (North)","Victoria"
"1242",1242,"Bentleigh East (South)","Victoria"
"1243",1243,"Aspendale Gardens - Waterways","Victoria"
"1244",1244,"Carrum - Patterson Lakes","Victoria"
"1245",1245,"Chelsea - Bonbeach","Victoria"
"1246",1246,"Chelsea Heights","Victoria"
"1247",1247,"Cheltenham - Highett (East)","Victoria"
"1248",1248,"Edithvale - Aspendale","Victoria"
"1249",1249,"Mentone","Victoria"
"1250",1250,"Moorabbin - Heatherton","Victoria"
"1251",1251,"Mordialloc - Parkdale","Victoria"
"1252",1252,"Malvern - Glen Iris","Victoria"
"1253",1253,"Malvern East","Victoria"
"1254",1254,"Bundoora - East","Victoria"
"1255",1255,"Greensborough","Victoria"
"1256",1256,"Heidelberg - Rosanna","Victoria"
"1257",1257,"Heidelberg West","Victoria"
"1258",1258,"Ivanhoe","Victoria"
"1259",1259,"Ivanhoe East - Eaglemont","Victoria"
"1260",1260,"Montmorency - Briar Hill","Victoria"
"1261",1261,"Viewbank - Yallambie","Victoria"
"1262",1262,"Watsonia","Victoria"
"1263",1263,"Kingsbury","Victoria"
"1264",1264,"Reservoir - East","Victoria"
"1265",1265,"Reservoir - West","Victoria"
"1266",1266,"Preston - East","Victoria"
"1267",1267,"Preston - West","Victoria"
"1268",1268,"Eltham","Victoria"
"1269",1269,"Hurstbridge","Victoria"
"1270",1270,"Kinglake","Victoria"
"1271",1271,"Panton Hill - St Andrews","Victoria"
"1272",1272,"Plenty - Yarrambat","Victoria"
"1273",1273,"Research - North Warrandyte","Victoria"
"1274",1274,"Wattle Glen - Diamond Creek","Victoria"
"1275",1275,"Bundoora - North","Victoria"
"1276",1276,"Bundoora - West","Victoria"
"1277",1277,"Lalor","Victoria"
"1278",1278,"Mill Park - North","Victoria"
"1279",1279,"Mill Park - South","Victoria"
"1280",1280,"Thomastown","Victoria"
"1281",1281,"Wallan","Victoria"
"1282",1282,"Whittlesea","Victoria"
"1283",1283,"Doreen","Victoria"
"1284",1284,"Epping - East","Victoria"
"1285",1285,"Epping - South","Victoria"
"1286",1286,"Epping - West","Victoria"
"1287",1287,"Mernda","Victoria"
"1288",1288,"South Morang (North)","Victoria"
"1289",1289,"South Morang (South)","Victoria"
"1290",1290,"Wollert","Victoria"
"1291",1291,"Airport West","Victoria"
"1292",1292,"Keilor","Victoria"
"1293",1293,"Keilor East","Victoria"
"1294",1294,"Niddrie - Essendon West","Victoria"
"1295",1295,"Strathmore","Victoria"
"1296",1296,"Gisborne","Victoria"
"1297",1297,"Macedon","Victoria"
"1298",1298,"Riddells Creek","Victoria"
"1299",1299,"Romsey","Victoria"
"1300",1300,"Coburg North","Victoria"
"1301",1301,"Fawkner","Victoria"
"1302",1302,"Pascoe Vale","Victoria"
"1303",1303,"Glenroy","Victoria"
"1304",1304,"Gowanbrae","Victoria"
"1305",1305,"Hadfield","Victoria"
"1306",1306,"Sunbury","Victoria"
"1307",1307,"Sunbury - South","Victoria"
"1308",1308,"Broadmeadows","Victoria"
"1309",1309,"Campbellfield - Coolaroo","Victoria"
"1310",1310,"Gladstone Park - Westmeadows","Victoria"
"1311",1311,"Greenvale - Bulla","Victoria"
"1312",1312,"Meadow Heights","Victoria"
"1313",1313,"Roxburgh Park - Somerton","Victoria"
"1314",1314,"Tullamarine","Victoria"
"1315",1315,"Craigieburn - Central","Victoria"
"1316",1316,"Craigieburn - North","Victoria"
"1317",1317,"Craigieburn - South","Victoria"
"1318",1318,"Craigieburn - West","Victoria"
"1319",1319,"Mickleham - Yuroke","Victoria"
"1320",1320,"Bayswater","Victoria"
"1321",1321,"Knoxfield - Scoresby","Victoria"
"1322",1322,"Lysterfield","Victoria"
"1323",1323,"Rowville - Central","Victoria"
"1324",1324,"Rowville - North","Victoria"
"1325",1325,"Rowville - South","Victoria"
"1326",1326,"Wantirna","Victoria"
"1327",1327,"Wantirna South","Victoria"
"1328",1328,"Boronia","Victoria"
"1329",1329,"Ferntree Gully (North)","Victoria"
"1330",1330,"Ferntree Gully (South) - Upper Ferntree Gully","Victoria"
"1331",1331,"The Basin","Victoria"
"1332",1332,"Donvale - Park Orchards","Victoria"
"1333",1333,"Warrandyte - Wonga Park","Victoria"
"1334",1334,"Bayswater North","Victoria"
"1335",1335,"Croydon Hills - Warranwood","Victoria"
"1336",1336,"Ringwood","Victoria"
"1337",1337,"Ringwood East","Victoria"
"1338",1338,"Ringwood North","Victoria"
"1339",1339,"Croydon - East","Victoria"
"1340",1340,"Croydon - West","Victoria"
"1341",1341,"Croydon South","Victoria"
"1342",1342,"Forest Hill","Victoria"
"1343",1343,"Mitcham (Vic.)","Victoria"
"1344",1344,"Nunawading","Victoria"
"1345",1345,"Vermont","Victoria"
"1346",1346,"Vermont South","Victoria"
"1347",1347,"Belgrave - Selby","Victoria"
"1348",1348,"Chirnside Park","Victoria"
"1349",1349,"Healesville - Yarra Glen","Victoria"
"1350",1350,"Kilsyth","Victoria"
"1351",1351,"Lilydale - Coldstream","Victoria"
"1352",1352,"Monbulk - Silvan","Victoria"
"1353",1353,"Montrose","Victoria"
"1354",1354,"Mooroolbark","Victoria"
"1355",1355,"Mount Dandenong - Olinda","Victoria"
"1356",1356,"Mount Evelyn","Victoria"
"1357",1357,"Upwey - Tecoma","Victoria"
"1358",1358,"Wandin - Seville","Victoria"
"1359",1359,"Yarra Valley","Victoria"
"1360",1360,"Beaconsfield - Officer","Victoria"
"1361",1361,"Bunyip - Garfield","Victoria"
"1362",1362,"Emerald - Cockatoo","Victoria"
"1363",1363,"Koo Wee Rup","Victoria"
"1364",1364,"Pakenham - North","Victoria"
"1365",1365,"Pakenham - South","Victoria"
"1366",1366,"Berwick - North","Victoria"
"1367",1367,"Berwick - South","Victoria"
"1368",1368,"Doveton","Victoria"
"1369",1369,"Hallam","Victoria"
"1370",1370,"Narre Warren North","Victoria"
"1371",1371,"Endeavour Hills - North","Victoria"
"1372",1372,"Endeavour Hills - South","Victoria"
"1373",1373,"Narre Warren - North East","Victoria"
"1374",1374,"Narre Warren - South West","Victoria"
"1375",1375,"Cranbourne","Victoria"
"1376",1376,"Cranbourne East","Victoria"
"1377",1377,"Cranbourne North","Victoria"
"1378",1378,"Cranbourne South","Victoria"
"1379",1379,"Cranbourne West","Victoria"
"1380",1380,"Hampton Park - Lynbrook","Victoria"
"1381",1381,"Lynbrook - Lyndhurst","Victoria"
"1382",1382,"Pearcedale - Tooradin","Victoria"
"1383",1383,"Narre Warren South (East)","Victoria"
"1384",1384,"Narre Warren South (West)","Victoria"
"1385",1385,"Clarinda - Oakleigh South","Victoria"
"1386",1386,"Clayton South","Victoria"
"1387",1387,"Dandenong","Victoria"
"1388",1388,"Dandenong North","Victoria"
"1389",1389,"Dingley Village","Victoria"
"1390",1390,"Keysborough","Victoria"
"1391",1391,"Noble Park North","Victoria"
"1392",1392,"Springvale","Victoria"
"1393",1393,"Springvale South","Victoria"
"1394",1394,"Noble Park - East","Victoria"
"1395",1395,"Noble Park - West","Victoria"
"1396",1396,"Ashwood - Chadstone","Victoria"
"1397",1397,"Clayton","Victoria"
"1398",1398,"Glen Waverley - East","Victoria"
"1399",1399,"Glen Waverley - West","Victoria"
"1400",1400,"Mount Waverley - North","Victoria"
"1401",1401,"Mount Waverley - South","Victoria"
"1402",1402,"Mulgrave","Victoria"
"1403",1403,"Oakleigh - Huntingdale","Victoria"
"1404",1404,"Wheelers Hill","Victoria"
"1405",1405,"Ardeer - Albion","Victoria"
"1406",1406,"Cairnlea","Victoria"
"1407",1407,"Deer Park - Derrimut","Victoria"
"1408",1408,"Delahey","Victoria"
"1409",1409,"Keilor Downs","Victoria"
"1410",1410,"Kings Park (Vic.)","Victoria"
"1411",1411,"St Albans - North","Victoria"
"1412",1412,"St Albans - South","Victoria"
"1413",1413,"Sunshine","Victoria"
"1414",1414,"Sunshine North","Victoria"
"1415",1415,"Sunshine West","Victoria"
"1416",1416,"Sydenham","Victoria"
"1417",1417,"Taylors Lakes","Victoria"
"1418",1418,"Altona","Victoria"
"1419",1419,"Altona Meadows","Victoria"
"1420",1420,"Altona North","Victoria"
"1421",1421,"Newport","Victoria"
"1422",1422,"Seabrook","Victoria"
"1423",1423,"Williamstown","Victoria"
"1424",1424,"Braybrook","Victoria"
"1425",1425,"Footscray","Victoria"
"1426",1426,"Maribyrnong","Victoria"
"1427",1427,"Seddon - Kingsville","Victoria"
"1428",1428,"West Footscray - Tottenham","Victoria"
"1429",1429,"Yarraville","Victoria"
"1430",1430,"Bacchus Marsh","Victoria"
"1431",1431,"Hillside","Victoria"
"1432",1432,"Melton","Victoria"
"1433",1433,"Melton South","Victoria"
"1434",1434,"Melton West","Victoria"
"1435",1435,"Rockbank - Mount Cottrell","Victoria"
"1436",1436,"Taylors Hill","Victoria"
"1437",1437,"Burnside","Victoria"
"1438",1438,"Burnside Heights","Victoria"
"1439",1439,"Caroline Springs","Victoria"
"1440",1440,"Hoppers Crossing - North","Victoria"
"1441",1441,"Hoppers Crossing - South","Victoria"
"1442",1442,"Laverton","Victoria"
"1443",1443,"Tarneit","Victoria"
"1444",1444,"Truganina","Victoria"
"1445",1445,"Werribee - South","Victoria"
"1446",1446,"Wyndham Vale","Victoria"
"1447",1447,"Point Cook - East","Victoria"
"1448",1448,"Point Cook - North","Victoria"
"1449",1449,"Point Cook - South","Victoria"
"1450",1450,"Werribee - East","Victoria"
"1451",1451,"Werribee - West","Victoria"
"1452",1452,"Carrum Downs","Victoria"
"1453",1453,"Frankston","Victoria"
"1454",1454,"Frankston North","Victoria"
"1455",1455,"Frankston South","Victoria"
"1456",1456,"Langwarrin","Victoria"
"1457",1457,"Seaford (Vic.)","Victoria"
"1458",1458,"Skye - Sandhurst","Victoria"
"1459",1459,"Dromana","Victoria"
"1460",1460,"Flinders","Victoria"
"1461",1461,"Hastings - Somers","Victoria"
"1462",1462,"Mornington","Victoria"
"1463",1463,"Mount Eliza","Victoria"
"1464",1464,"Mount Martha","Victoria"
"1465",1465,"Point Nepean","Victoria"
"1466",1466,"Rosebud - McCrae","Victoria"
"1467",1467,"Somerville","Victoria"
"1468",1468,"Ararat","Victoria"
"1469",1469,"Ararat Region","Victoria"
"1470",1470,"Horsham","Victoria"
"1471",1471,"Horsham Region","Victoria"
"1472",1472,"Nhill Region","Victoria"
"1473",1473,"St Arnaud","Victoria"
"1474",1474,"Stawell","Victoria"
"1475",1475,"West Wimmera","Victoria"
"1476",1476,"Yarriambiack","Victoria"
"1477",1477,"Irymple","Victoria"
"1478",1478,"Merbein","Victoria"
"1479",1479,"Mildura Region","Victoria"
"1480",1480,"Red Cliffs","Victoria"
"1481",1481,"Mildura - North","Victoria"
"1482",1482,"Mildura - South","Victoria"
"1483",1483,"Buloke","Victoria"
"1484",1484,"Gannawarra","Victoria"
"1485",1485,"Kerang","Victoria"
"1486",1486,"Robinvale","Victoria"
"1487",1487,"Swan Hill","Victoria"
"1488",1488,"Swan Hill Region","Victoria"
"1489",1489,"Echuca","Victoria"
"1490",1490,"Kyabram","Victoria"
"1491",1491,"Lockington - Gunbower","Victoria"
"1492",1492,"Rochester","Victoria"
"1493",1493,"Rushworth","Victoria"
"1494",1494,"Cobram","Victoria"
"1495",1495,"Moira","Victoria"
"1496",1496,"Numurkah","Victoria"
"1497",1497,"Yarrawonga","Victoria"
"1498",1498,"Mooroopna","Victoria"
"1499",1499,"Shepparton - North","Victoria"
"1500",1500,"Shepparton - South","Victoria"
"1501",1501,"Shepparton Region - East","Victoria"
"1502",1502,"Shepparton Region - West","Victoria"
"1503",1503,"Glenelg (Vic.)","Victoria"
"1504",1504,"Hamilton (Vic.)","Victoria"
"1505",1505,"Portland","Victoria"
"1506",1506,"Southern Grampians","Victoria"
"1507",1507,"Camperdown","Victoria"
"1508",1508,"Colac","Victoria"
"1509",1509,"Colac Region","Victoria"
"1510",1510,"Corangamite - North","Victoria"
"1511",1511,"Corangamite - South","Victoria"
"1512",1512,"Otway","Victoria"
"1513",1513,"Moyne - East","Victoria"
"1514",1514,"Moyne - West","Victoria"
"1515",1515,"Warrnambool - North","Victoria"
"1516",1516,"Warrnambool - South","Victoria"
"1517",1517,"Aranda","Australian Capital Territory"
"1518",1518,"Belconnen","Australian Capital Territory"
"1519",1519,"Bruce","Australian Capital Territory"
"1520",1520,"Charnwood","Australian Capital Territory"
"1521",1521,"Cook","Australian Capital Territory"
"1522",1522,"Dunlop","Australian Capital Territory"
"1523",1523,"Evatt","Australian Capital Territory"
"1524",1524,"Florey","Australian Capital Territory"
"1525",1525,"Flynn (ACT)","Australian Capital Territory"
"1526",1526,"Fraser","Australian Capital Territory"
"1527",1527,"Giralang","Australian Capital Territory"
"1528",1528,"Hawker","Australian Capital Territory"
"1529",1529,"Higgins","Australian Capital Territory"
"1530",1530,"Holt","Australian Capital Territory"
"1531",1531,"Kaleen","Australian Capital Territory"
"1532",1532,"Latham","Australian Capital Territory"
"1533",1533,"Macgregor (ACT)","Australian Capital Territory"
"1534",1534,"Macquarie","Australian Capital Territory"
"1535",1535,"McKellar","Australian Capital Territory"
"1536",1536,"Melba","Australian Capital Territory"
"1537",1537,"Page","Australian Capital Territory"
"1538",1538,"Scullin","Australian Capital Territory"
"1539",1539,"Spence","Australian Capital Territory"
"1540",1540,"Weetangera","Australian Capital Territory"
"1541",1541,"Canberra East","Australian Capital Territory"
"1542",1542,"Amaroo","Australian Capital Territory"
"1543",1543,"Bonner","Australian Capital Territory"
"1544",1544,"Casey","Australian Capital Territory"
"1545",1545,"Crace","Australian Capital Territory"
"1546",1546,"Forde","Australian Capital Territory"
"1547",1547,"Franklin","Australian Capital Territory"
"1548",1548,"Gungahlin","Australian Capital Territory"
"1549",1549,"Harrison","Australian Capital Territory"
"1550",1550,"Ngunnawal","Australian Capital Territory"
"1551",1551,"Nicholls","Australian Capital Territory"
"1552",1552,"Palmerston","Australian Capital Territory"
"1553",1553,"Jacka","Australian Capital Territory"
"1554",1554,"Ainslie","Australian Capital Territory"
"1555",1555,"Braddon","Australian Capital Territory"
"1556",1556,"Civic","Australian Capital Territory"
"1557",1557,"Dickson","Australian Capital Territory"
"1558",1558,"Downer","Australian Capital Territory"
"1559",1559,"Hackett","Australian Capital Territory"
"1560",1560,"Lyneham","Australian Capital Territory"
"1561",1561,"O'Connor (ACT)","Australian Capital Territory"
"1562",1562,"Turner","Australian Capital Territory"
"1563",1563,"Watson","Australian Capital Territory"
"1564",1564,"Campbell","Australian Capital Territory"
"1565",1565,"Duntroon","Australian Capital Territory"
"1566",1566,"Reid","Australian Capital Territory"
"1567",1567,"Deakin","Australian Capital Territory"
"1568",1568,"Forrest","Australian Capital Territory"
"1569",1569,"Griffith (ACT)","Australian Capital Territory"
"1570",1570,"Narrabundah","Australian Capital Territory"
"1571",1571,"Red Hill (ACT)","Australian Capital Territory"
"1572",1572,"Yarralumla","Australian Capital Territory"
"1573",1573,"Barton","Australian Capital Territory"
"1574",1574,"Kingston (ACT)","Australian Capital Territory"
"1575",1575,"Banks","Australian Capital Territory"
"1576",1576,"Bonython","Australian Capital Territory"
"1577",1577,"Calwell","Australian Capital Territory"
"1578",1578,"Chisholm","Australian Capital Territory"
"1579",1579,"Conder","Australian Capital Territory"
"1580",1580,"Fadden","Australian Capital Territory"
"1581",1581,"Gilmore","Australian Capital Territory"
"1582",1582,"Gordon (ACT)","Australian Capital Territory"
"1583",1583,"Gowrie (ACT)","Australian Capital Territory"
"1584",1584,"Greenway","Australian Capital Territory"
"1585",1585,"Isabella Plains","Australian Capital Territory"
"1586",1586,"Kambah","Australian Capital Territory"
"1587",1587,"Macarthur","Australian Capital Territory"
"1588",1588,"Monash","Australian Capital Territory"
"1589",1589,"Oxley (ACT)","Australian Capital Territory"
"1590",1590,"Richardson","Australian Capital Territory"
"1591",1591,"Theodore","Australian Capital Territory"
"1592",1592,"Wanniassa","Australian Capital Territory"
"1593",1593,"Chapman","Australian Capital Territory"
"1594",1594,"Duffy","Australian Capital Territory"
"1595",1595,"Fisher","Australian Capital Territory"
"1596",1596,"Holder","Australian Capital Territory"
"1597",1597,"Rivett","Australian Capital Territory"
"1598",1598,"Stirling","Australian Capital Territory"
"1599",1599,"Waramanga","Australian Capital Territory"
"1600",1600,"Weston","Australian Capital Territory"
"1601",1601,"Chifley","Australian Capital Territory"
"1602",1602,"Curtin","Australian Capital Territory"
"1603",1603,"Farrer","Australian Capital Territory"
"1604",1604,"Garran","Australian Capital Territory"
"1605",1605,"Hughes","Australian Capital Territory"
"1606",1606,"Isaacs","Australian Capital Territory"
"1607",1607,"Lyons (ACT)","Australian Capital Territory"
"1608",1608,"Mawson","Australian Capital Territory"
"1609",1609,"O'Malley","Australian Capital Territory"
"1610",1610,"Pearce","Australian Capital Territory"
"1611",1611,"Phillip","Australian Capital Territory"
"1612",1612,"Torrens","Australian Capital Territory"
"1613",1613,"Coombs","Australian Capital Territory"
"1614",1614,"Wright","Australian Capital Territory"
"1615",1615,"ACT - South West","Australian Capital Territory"
"1616",1616,"Bridgewater - Gagebrook","Tasmania"
"1617",1617,"Brighton - Pontville","Tasmania"
"1618",1618,"Old Beach - Otago","Tasmania"
"1619",1619,"Bellerive - Rosny","Tasmania"
"1620",1620,"Cambridge","Tasmania"
"1621",1621,"Geilston Bay - Risdon","Tasmania"
"1622",1622,"Howrah - Tranmere","Tasmania"
"1623",1623,"Lindisfarne - Rose Bay","Tasmania"
"1624",1624,"Mornington - Warrane","Tasmania"
"1625",1625,"Risdon Vale","Tasmania"
"1626",1626,"Rokeby","Tasmania"
"1627",1627,"South Arm","Tasmania"
"1628",1628,"Austins Ferry - Granton","Tasmania"
"1629",1629,"Berriedale - Chigwell","Tasmania"
"1630",1630,"Claremont (Tas.)","Tasmania"
"1631",1631,"Derwent Park - Lutana","Tasmania"
"1632",1632,"Glenorchy","Tasmania"
"1633",1633,"Montrose - Rosetta","Tasmania"
"1634",1634,"Moonah","Tasmania"
"1635",1635,"New Norfolk","Tasmania"
"1636",1636,"West Moonah","Tasmania"
"1637",1637,"Kingston - Huntingfield","Tasmania"
"1638",1638,"Kingston Beach - Blackmans Bay","Tasmania"
"1639",1639,"Margate - Snug","Tasmania"
"1640",1640,"Taroona - Bonnet Hill","Tasmania"
"1641",1641,"Hobart","Tasmania"
"1642",1642,"Lenah Valley - Mount Stuart","Tasmania"
"1643",1643,"Mount Nelson - Dynnyrne","Tasmania"
"1644",1644,"New Town","Tasmania"
"1645",1645,"Sandy Bay","Tasmania"
"1646",1646,"South Hobart - Fern Tree","Tasmania"
"1647",1647,"West Hobart","Tasmania"
"1648",1648,"Dodges Ferry - Lewisham","Tasmania"
"1649",1649,"Sorell - Richmond","Tasmania"
"1650",1650,"Invermay","Tasmania"
"1651",1651,"Kings Meadows - Punchbowl","Tasmania"
"1652",1652,"Launceston","Tasmania"
"1653",1653,"Legana","Tasmania"
"1654",1654,"Mowbray","Tasmania"
"1655",1655,"Newnham - Mayfield","Tasmania"
"1656",1656,"Newstead","Tasmania"
"1657",1657,"Norwood (Tas.)","Tasmania"
"1658",1658,"Prospect Vale - Blackstone","Tasmania"
"1659",1659,"Ravenswood","Tasmania"
"1660",1660,"Riverside","Tasmania"
"1661",1661,"South Launceston","Tasmania"
"1662",1662,"Summerhill - Prospect","Tasmania"
"1663",1663,"Trevallyn","Tasmania"
"1664",1664,"Waverley - St Leonards","Tasmania"
"1665",1665,"West Launceston","Tasmania"
"1666",1666,"Youngtown - Relbia","Tasmania"
"1667",1667,"Beauty Point - Beaconsfield","Tasmania"
"1668",1668,"Deloraine","Tasmania"
"1669",1669,"Grindelwald - Lanena","Tasmania"
"1670",1670,"Hadspen - Carrick","Tasmania"
"1671",1671,"Westbury","Tasmania"
"1672",1672,"Dilston - Lilydale","Tasmania"
"1673",1673,"George Town","Tasmania"
"1674",1674,"Longford","Tasmania"
"1675",1675,"Northern Midlands","Tasmania"
"1676",1676,"Perth - Evandale","Tasmania"
"1677",1677,"St Helens - Scamander","Tasmania"
"1678",1678,"Scottsdale - Bridport","Tasmania"
"1679",1679,"Central Highlands","Tasmania"
"1680",1680,"Derwent Valley","Tasmania"
"1681",1681,"Southern Midlands","Tasmania"
"1682",1682,"Bruny Island - Kettering","Tasmania"
"1683",1683,"Cygnet","Tasmania"
"1684",1684,"Geeveston - Dover","Tasmania"
"1685",1685,"Huonville - Franklin","Tasmania"
"1686",1686,"Forestier - Tasman","Tasmania"
"1687",1687,"Triabunna - Bicheno","Tasmania"
"1688",1688,"Acton - Upper Burnie","Tasmania"
"1689",1689,"Burnie - Ulverstone Region","Tasmania"
"1690",1690,"Burnie - Wivenhoe","Tasmania"
"1691",1691,"Parklands - Camdale","Tasmania"
"1692",1692,"Penguin - Sulphur Creek","Tasmania"
"1693",1693,"Romaine - Havenview","Tasmania"
"1694",1694,"Somerset","Tasmania"
"1695",1695,"Ulverstone","Tasmania"
"1696",1696,"West Ulverstone","Tasmania"
"1697",1697,"Wynyard","Tasmania"
"1698",1698,"Devonport","Tasmania"
"1699",1699,"East Devonport","Tasmania"
"1700",1700,"Latrobe","Tasmania"
"1701",1701,"Miandetta - Don","Tasmania"
"1702",1702,"Port Sorell","Tasmania"
"1703",1703,"Quoiba - Spreyton","Tasmania"
"1704",1704,"Sheffield - Railton","Tasmania"
"1705",1705,"Turners Beach - Forth","Tasmania"
"1706",1706,"King Island","Tasmania"
"1707",1707,"North West","Tasmania"
"1708",1708,"Smithton","Tasmania"
"1709",1709,"Waratah","Tasmania"
"1710",1710,"West Coast (Tas.)","Tasmania"
"1711",1711,"Adelaide","South Australia"
"1712",1712,"North Adelaide","South Australia"
"1713",1713,"Adelaide Hills","South Australia"
"1714",1714,"Aldgate - Stirling","South Australia"
"1715",1715,"Hahndorf - Echunga","South Australia"
"1716",1716,"Lobethal - Woodside","South Australia"
"1717",1717,"Mount Barker","South Australia"
"1718",1718,"Mount Barker Region","South Australia"
"1719",1719,"Nairne","South Australia"
"1720",1720,"Uraidla - Summertown","South Australia"
"1721",1721,"Burnside - Wattle Park","South Australia"
"1722",1722,"Glenside - Beaumont","South Australia"
"1723",1723,"Toorak Gardens","South Australia"
"1724",1724,"Athelstone","South Australia"
"1725",1725,"Paradise - Newton","South Australia"
"1726",1726,"Rostrevor - Magill","South Australia"
"1727",1727,"Norwood (SA)","South Australia"
"1728",1728,"Payneham - Felixstow","South Australia"
"1729",1729,"St Peters - Marden","South Australia"
"1730",1730,"Nailsworth - Broadview","South Australia"
"1731",1731,"Prospect","South Australia"
"1732",1732,"Walkerville","South Australia"
"1733",1733,"Goodwood - Millswood","South Australia"
"1734",1734,"Unley - Parkside","South Australia"
"1735",1735,"Gawler - North","South Australia"
"1736",1736,"Gawler - South","South Australia"
"1737",1737,"Lewiston - Two Wells","South Australia"
"1738",1738,"Craigmore - Blakeview","South Australia"
"1739",1739,"Davoren Park","South Australia"
"1740",1740,"Elizabeth","South Australia"
"1741",1741,"Elizabeth East","South Australia"
"1742",1742,"Munno Para West - Angle Vale","South Australia"
"1743",1743,"One Tree Hill","South Australia"
"1744",1744,"Smithfield - Elizabeth North","South Australia"
"1745",1745,"Virginia - Waterloo Corner","South Australia"
"1746",1746,"Enfield - Blair Athol","South Australia"
"1747",1747,"Northgate - Oakden - Gilles Plains","South Australia"
"1748",1748,"Windsor Gardens","South Australia"
"1749",1749,"Ingle Farm","South Australia"
"1750",1750,"Para Hills","South Australia"
"1751",1751,"Parafield Gardens","South Australia"
"1752",1752,"Paralowie","South Australia"
"1753",1753,"Salisbury","South Australia"
"1754",1754,"Salisbury East","South Australia"
"1755",1755,"Salisbury North","South Australia"
"1756",1756,"Mawson Lakes - Globe Derby Park","South Australia"
"1757",1757,"Pooraka - Cavan","South Australia"
"1758",1758,"Golden Grove","South Australia"
"1759",1759,"Greenwith","South Australia"
"1760",1760,"Highbury - Dernancourt","South Australia"
"1761",1761,"Hope Valley - Modbury","South Australia"
"1762",1762,"Modbury Heights","South Australia"
"1763",1763,"Redwood Park","South Australia"
"1764",1764,"St Agnes - Ridgehaven","South Australia"
"1765",1765,"Brighton (SA)","South Australia"
"1766",1766,"Glenelg (SA)","South Australia"
"1767",1767,"Edwardstown","South Australia"
"1768",1768,"Hallett Cove","South Australia"
"1769",1769,"Marino - Seaview Downs","South Australia"
"1770",1770,"Mitchell Park","South Australia"
"1771",1771,"Morphettville","South Australia"
"1772",1772,"Sheidow Park - Trott Park","South Australia"
"1773",1773,"Warradale","South Australia"
"1774",1774,"Belair","South Australia"
"1775",1775,"Bellevue Heights","South Australia"
"1776",1776,"Blackwood","South Australia"
"1777",1777,"Colonel Light Gardens","South Australia"
"1778",1778,"Mitcham (SA)","South Australia"
"1779",1779,"Panorama","South Australia"
"1780",1780,"Aberfoyle Park","South Australia"
"1781",1781,"Aldinga","South Australia"
"1782",1782,"Christie Downs","South Australia"
"1783",1783,"Christies Beach","South Australia"
"1784",1784,"Clarendon","South Australia"
"1785",1785,"Coromandel Valley","South Australia"
"1786",1786,"Flagstaff Hill","South Australia"
"1787",1787,"Hackham - Onkaparinga Hills","South Australia"
"1788",1788,"Hackham West - Huntfield Heights","South Australia"
"1789",1789,"Happy Valley","South Australia"
"1790",1790,"McLaren Vale","South Australia"
"1791",1791,"Morphett Vale - East","South Australia"
"1792",1792,"Morphett Vale - West","South Australia"
"1793",1793,"Reynella","South Australia"
"1794",1794,"Seaford (SA)","South Australia"
"1795",1795,"Willunga","South Australia"
"1796",1796,"Woodcroft","South Australia"
"1797",1797,"Beverley","South Australia"
"1798",1798,"Flinders Park","South Australia"
"1799",1799,"Henley Beach","South Australia"
"1800",1800,"Hindmarsh - Brompton","South Australia"
"1801",1801,"Royal Park - Hendon - Albert Park","South Australia"
"1802",1802,"Seaton - Grange","South Australia"
"1803",1803,"West Lakes","South Australia"
"1804",1804,"Woodville - Cheltenham","South Australia"
"1805",1805,"Largs Bay - Semaphore","South Australia"
"1806",1806,"North Haven","South Australia"
"1807",1807,"Port Adelaide","South Australia"
"1808",1808,"The Parks","South Australia"
"1809",1809,"Fulham","South Australia"
"1810",1810,"Lockleys","South Australia"
"1811",1811,"Plympton","South Australia"
"1812",1812,"Richmond (SA)","South Australia"
"1813",1813,"West Beach","South Australia"
"1814",1814,"Barossa - Angaston","South Australia"
"1815",1815,"Light","South Australia"
"1816",1816,"Lyndoch","South Australia"
"1817",1817,"Mallala","South Australia"
"1818",1818,"Nuriootpa","South Australia"
"1819",1819,"Tanunda","South Australia"
"1820",1820,"Clare","South Australia"
"1821",1821,"Gilbert Valley","South Australia"
"1822",1822,"Goyder","South Australia"
"1823",1823,"Wakefield - Barunga West","South Australia"
"1824",1824,"Jamestown","South Australia"
"1825",1825,"Peterborough - Mount Remarkable","South Australia"
"1826",1826,"Port Pirie","South Australia"
"1827",1827,"Port Pirie Region","South Australia"
"1828",1828,"Kadina","South Australia"
"1829",1829,"Moonta","South Australia"
"1830",1830,"Wallaroo","South Australia"
"1831",1831,"Yorke Peninsula - North","South Australia"
"1832",1832,"Yorke Peninsula - South","South Australia"
"1833",1833,"Ceduna","South Australia"
"1834",1834,"Eyre Peninsula","South Australia"
"1835",1835,"Kimba - Cleve - Franklin Harbour","South Australia"
"1836",1836,"Le Hunte - Elliston","South Australia"
"1837",1837,"Port Lincoln","South Australia"
"1838",1838,"West Coast (SA)","South Australia"
"1839",1839,"Whyalla","South Australia"
"1840",1840,"APY Lands","South Australia"
"1841",1841,"Coober Pedy","South Australia"
"1842",1842,"Quorn - Lake Gilles","South Australia"
"1843",1843,"Outback","South Australia"
"1844",1844,"Port Augusta","South Australia"
"1845",1845,"Roxby Downs","South Australia"
"1846",1846,"Goolwa - Port Elliot","South Australia"
"1847",1847,"Kangaroo Island","South Australia"
"1848",1848,"Strathalbyn","South Australia"
"1849",1849,"Strathalbyn Region","South Australia"
"1850",1850,"Victor Harbor","South Australia"
"1851",1851,"Yankalilla","South Australia"
"1852",1852,"Grant","South Australia"
"1853",1853,"Kingston - Robe","South Australia"
"1854",1854,"Millicent","South Australia"
"1855",1855,"Naracoorte","South Australia"
"1856",1856,"Naracoorte Region","South Australia"
"1857",1857,"Penola","South Australia"
"1858",1858,"Tatiara","South Australia"
"1859",1859,"Wattle Range","South Australia"
"1860",1860,"Mount Gambier - East","South Australia"
"1861",1861,"Mount Gambier - West","South Australia"
"1862",1862,"Barmera","South Australia"
"1863",1863,"Berri","South Australia"
"1864",1864,"Karoonda - Lameroo","South Australia"
"1865",1865,"Loxton","South Australia"
"1866",1866,"Loxton Region","South Australia"
"1867",1867,"Mannum","South Australia"
"1868",1868,"Murray Bridge","South Australia"
"1869",1869,"Murray Bridge Region","South Australia"
"1870",1870,"Renmark","South Australia"
"1871",1871,"Renmark Region","South Australia"
"1872",1872,"The Coorong","South Australia"
"1873",1873,"Waikerie","South Australia"
"1874",1874,"Darwin City","Northern Territory"
"1875",1875,"Fannie Bay - The Gardens","Northern Territory"
"1876",1876,"Larrakeyah","Northern Territory"
"1877",1877,"Ludmilla - The Narrows","Northern Territory"
"1878",1878,"Parap","Northern Territory"
"1879",1879,"Stuart Park","Northern Territory"
"1880",1880,"Woolner - Bayview - Winnellie","Northern Territory"
"1881",1881,"Alawa","Northern Territory"
"1882",1882,"Anula","Northern Territory"
"1883",1883,"Berrimah","Northern Territory"
"1884",1884,"Brinkin - Nakara","Northern Territory"
"1885",1885,"Coconut Grove","Northern Territory"
"1886",1886,"Jingili","Northern Territory"
"1887",1887,"Karama","Northern Territory"
"1888",1888,"Leanyer","Northern Territory"
"1889",1889,"Lyons (NT)","Northern Territory"
"1890",1890,"Malak - Marrara","Northern Territory"
"1891",1891,"Millner","Northern Territory"
"1892",1892,"Moil","Northern Territory"
"1893",1893,"Nightcliff","Northern Territory"
"1894",1894,"Rapid Creek","Northern Territory"
"1895",1895,"Tiwi","Northern Territory"
"1896",1896,"Wagaman","Northern Territory"
"1897",1897,"Wanguri","Northern Territory"
"1898",1898,"Wulagi","Northern Territory"
"1899",1899,"Howard Springs","Northern Territory"
"1900",1900,"Humpty Doo","Northern Territory"
"1901",1901,"Virginia","Northern Territory"
"1902",1902,"Weddell","Northern Territory"
"1903",1903,"Bakewell","Northern Territory"
"1904",1904,"Driver","Northern Territory"
"1905",1905,"Durack - Marlow Lagoon","Northern Territory"
"1906",1906,"Gray","Northern Territory"
"1907",1907,"Moulden","Northern Territory"
"1908",1908,"Palmerston - North","Northern Territory"
"1909",1909,"Palmerston - South","Northern Territory"
"1910",1910,"Rosebery - Bellamack","Northern Territory"
"1911",1911,"Woodroffe","Northern Territory"
"1912",1912,"Charles","Northern Territory"
"1913",1913,"East Side","Northern Territory"
"1914",1914,"Flynn (NT)","Northern Territory"
"1915",1915,"Larapinta","Northern Territory"
"1916",1916,"Mount Johns","Northern Territory"
"1917",1917,"Petermann - Simpson","Northern Territory"
"1918",1918,"Ross","Northern Territory"
"1919",1919,"Sandover - Plenty","Northern Territory"
"1920",1920,"Tanami","Northern Territory"
"1921",1921,"Yuendumu - Anmatjere","Northern Territory"
"1922",1922,"Barkly","Northern Territory"
"1923",1923,"Tennant Creek","Northern Territory"
"1924",1924,"Alligator","Northern Territory"
"1925",1925,"Daly","Northern Territory"
"1926",1926,"Thamarrurr","Northern Territory"
"1927",1927,"Tiwi Islands","Northern Territory"
"1928",1928,"West Arnhem","Northern Territory"
"1929",1929,"Anindilyakwa","Northern Territory"
"1930",1930,"East Arnhem","Northern Territory"
"1931",1931,"Nhulunbuy","Northern Territory"
"1932",1932,"Elsey","Northern Territory"
"1933",1933,"Gulf","Northern Territory"
"1934",1934,"Katherine","Northern Territory"
"1935",1935,"Victoria River","Northern Territory"
"1936",1936,"Augusta","Western Australia"
"1937",1937,"Busselton","Western Australia"
"1938",1938,"Busselton Region","Western Australia"
"1939",1939,"Margaret River","Western Australia"
"1940",1940,"Australind - Leschenault","Western Australia"
"1941",1941,"Capel","Western Australia"
"1942",1942,"College Grove - Carey Park","Western Australia"
"1943",1943,"Collie","Western Australia"
"1944",1944,"Dardanup","Western Australia"
"1945",1945,"Eaton - Pelican Point","Western Australia"
"1946",1946,"Harvey","Western Australia"
"1947",1947,"East Bunbury - Glen Iris","Western Australia"
"1948",1948,"Waroona","Western Australia"
"1949",1949,"Dalyellup","Western Australia"
"1950",1950,"Gelorup - Stratham","Western Australia"
"1951",1951,"South Bunbury - Bunbury","Western Australia"
"1952",1952,"Withers - Usher","Western Australia"
"1953",1953,"Bridgetown - Boyup Brook","Western Australia"
"1954",1954,"Donnybrook - Balingup","Western Australia"
"1955",1955,"Manjimup","Western Australia"
"1956",1956,"Pemberton","Western Australia"
"1957",1957,"Dawesville - Bouvard","Western Australia"
"1958",1958,"Falcon - Wannanup","Western Australia"
"1959",1959,"Greenfields","Western Australia"
"1960",1960,"Halls Head - Erskine","Western Australia"
"1961",1961,"Mandurah","Western Australia"
"1962",1962,"Mandurah - East","Western Australia"
"1963",1963,"Mandurah - North","Western Australia"
"1964",1964,"Mandurah - South","Western Australia"
"1965",1965,"Pinjarra","Western Australia"
"1966",1966,"City Beach","Western Australia"
"1967",1967,"Claremont (WA)","Western Australia"
"1968",1968,"Cottesloe","Western Australia"
"1969",1969,"Floreat","Western Australia"
"1970",1970,"Mosman Park - Peppermint Grove","Western Australia"
"1971",1971,"Nedlands - Dalkeith - Crawley","Western Australia"
"1972",1972,"Swanbourne - Mount Claremont","Western Australia"
"1973",1973,"Mount Hawthorn - Leederville","Western Australia"
"1974",1974,"Mount Lawley - Inglewood","Western Australia"
"1975",1975,"North Perth","Western Australia"
"1976",1976,"Perth City","Western Australia"
"1977",1977,"Subiaco - Shenton Park","Western Australia"
"1978",1978,"Wembley - West Leederville - Glendalough","Western Australia"
"1979",1979,"Bassendean - Eden Hill - Ashfield","Western Australia"
"1980",1980,"Bayswater - Embleton - Bedford","Western Australia"
"1981",1981,"Maylands","Western Australia"
"1982",1982,"Morley","Western Australia"
"1983",1983,"Noranda","Western Australia"
"1984",1984,"Chidlow","Western Australia"
"1985",1985,"Glen Forrest - Darlington","Western Australia"
"1986",1986,"Helena Valley - Koongamia","Western Australia"
"1987",1987,"Mundaring","Western Australia"
"1988",1988,"Swan View - Greenmount - Midvale","Western Australia"
"1989",1989,"Ballajura","Western Australia"
"1990",1990,"Beechboro","Western Australia"
"1991",1991,"Bullsbrook","Western Australia"
"1992",1992,"Ellenbrook","Western Australia"
"1993",1993,"Gidgegannup","Western Australia"
"1994",1994,"Hazelmere - Guildford","Western Australia"
"1995",1995,"Lockridge - Kiara","Western Australia"
"1996",1996,"Middle Swan - Herne Hill","Western Australia"
"1997",1997,"Midland - Guildford","Western Australia"
"1998",1998,"Stratton - Jane Brook","Western Australia"
"1999",1999,"The Vines","Western Australia"
"2000",2000,"Craigie - Beldon","Western Australia"
"2001",2001,"Currambine - Kinross","Western Australia"
"2002",2002,"Duncraig","Western Australia"
"2003",2003,"Greenwood - Warwick","Western Australia"
"2004",2004,"Heathridge - Connolly","Western Australia"
"2005",2005,"Hillarys","Western Australia"
"2006",2006,"Iluka - Burns Beach","Western Australia"
"2007",2007,"Joondalup - Edgewater","Western Australia"
"2008",2008,"Kingsley","Western Australia"
"2009",2009,"Mullaloo - Kallaroo","Western Australia"
"2010",2010,"Ocean Reef","Western Australia"
"2011",2011,"Padbury","Western Australia"
"2012",2012,"Sorrento - Marmion","Western Australia"
"2013",2013,"Woodvale","Western Australia"
"2014",2014,"Balcatta - Hamersley","Western Australia"
"2015",2015,"Balga - Mirrabooka","Western Australia"
"2016",2016,"Dianella","Western Australia"
"2017",2017,"Innaloo - Doubleview","Western Australia"
"2018",2018,"Karrinyup - Gwelup - Carine","Western Australia"
"2019",2019,"Nollamara - Westminster","Western Australia"
"2020",2020,"Scarborough","Western Australia"
"2021",2021,"Stirling - Osborne Park","Western Australia"
"2022",2022,"Trigg - North Beach - Watermans Bay","Western Australia"
"2023",2023,"Tuart Hill - Joondanna","Western Australia"
"2024",2024,"Wembley Downs - Churchlands - Woodlands","Western Australia"
"2025",2025,"Yokine - Coolbinia - Menora","Western Australia"
"2026",2026,"Alexander Heights - Koondoola","Western Australia"
"2027",2027,"Butler - Merriwa - Ridgewood","Western Australia"
"2028",2028,"Carramar","Western Australia"
"2029",2029,"Clarkson","Western Australia"
"2030",2030,"Girrawheen","Western Australia"
"2031",2031,"Madeley - Darch - Landsdale","Western Australia"
"2032",2032,"Marangaroo","Western Australia"
"2033",2033,"Mindarie - Quinns Rocks - Jindalee","Western Australia"
"2034",2034,"Tapping - Ashby - Sinagra","Western Australia"
"2035",2035,"Wanneroo","Western Australia"
"2036",2036,"Alkimos - Eglinton","Western Australia"
"2037",2037,"Carabooda - Pinjar","Western Australia"
"2038",2038,"Two Rocks","Western Australia"
"2039",2039,"Yanchep","Western Australia"
"2040",2040,"Armadale - Wungong - Brookdale","Western Australia"
"2041",2041,"Camillo - Champion Lakes","Western Australia"
"2042",2042,"Forrestdale - Harrisdale - Piara Waters","Western Australia"
"2043",2043,"Kelmscott","Western Australia"
"2044",2044,"Mount Nasura - Mount Richon - Bedfordale","Western Australia"
"2045",2045,"Roleystone","Western Australia"
"2046",2046,"Seville Grove","Western Australia"
"2047",2047,"Belmont - Ascot - Redcliffe","Western Australia"
"2048",2048,"East Victoria Park - Carlisle","Western Australia"
"2049",2049,"Rivervale - Kewdale - Cloverdale","Western Australia"
"2050",2050,"Victoria Park - Lathlain - Burswood","Western Australia"
"2051",2051,"Bentley - Wilson - St James","Western Australia"
"2052",2052,"Canning Vale - West","Western Australia"
"2053",2053,"Cannington - Queens Park","Western Australia"
"2054",2054,"Parkwood - Ferndale - Lynwood","Western Australia"
"2055",2055,"Riverton - Shelley - Rossmoyne","Western Australia"
"2056",2056,"Willetton","Western Australia"
"2057",2057,"Beckenham - Kenwick - Langford","Western Australia"
"2058",2058,"Canning Vale - East","Western Australia"
"2059",2059,"Gosnells","Western Australia"
"2060",2060,"Huntingdale - Southern River","Western Australia"
"2061",2061,"Maddington - Orange Grove - Martin","Western Australia"
"2062",2062,"Thornlie","Western Australia"
"2063",2063,"Forrestfield - Wattle Grove","Western Australia"
"2064",2064,"High Wycombe","Western Australia"
"2065",2065,"Kalamunda - Maida Vale - Gooseberry Hill","Western Australia"
"2066",2066,"Lesmurdie - Bickley - Carmel","Western Australia"
"2067",2067,"Byford","Western Australia"
"2068",2068,"Mundijong","Western Australia"
"2069",2069,"Serpentine - Jarrahdale","Western Australia"
"2070",2070,"Como","Western Australia"
"2071",2071,"Manning - Waterford","Western Australia"
"2072",2072,"South Perth - Kensington","Western Australia"
"2073",2073,"Banjup","Western Australia"
"2074",2074,"Coogee","Western Australia"
"2075",2075,"Coolbellup","Western Australia"
"2076",2076,"Hamilton Hill","Western Australia"
"2077",2077,"North Coogee","Western Australia"
"2078",2078,"South Lake - Cockburn Central","Western Australia"
"2079",2079,"Spearwood","Western Australia"
"2080",2080,"Success - Hammond Park","Western Australia"
"2081",2081,"Yangebup","Western Australia"
"2082",2082,"Beeliar - Wattleup","Western Australia"
"2083",2083,"Jandakot","Western Australia"
"2084",2084,"East Fremantle","Western Australia"
"2085",2085,"Fremantle","Western Australia"
"2086",2086,"Fremantle - South","Western Australia"
"2087",2087,"Bertram - Wellard (West)","Western Australia"
"2088",2088,"Calista","Western Australia"
"2089",2089,"Parmelia - Orelia","Western Australia"
"2090",2090,"Casuarina - Wandi","Western Australia"
"2091",2091,"Applecross - Ardross","Western Australia"
"2092",2092,"Bateman","Western Australia"
"2093",2093,"Bicton - Palmyra","Western Australia"
"2094",2094,"Booragoon","Western Australia"
"2095",2095,"Bull Creek","Western Australia"
"2096",2096,"Leeming","Western Australia"
"2097",2097,"Melville","Western Australia"
"2098",2098,"Murdoch - Kardinya","Western Australia"
"2099",2099,"Willagee","Western Australia"
"2100",2100,"Winthrop","Western Australia"
"2101",2101,"Baldivis","Western Australia"
"2102",2102,"Cooloongup","Western Australia"
"2103",2103,"Port Kennedy","Western Australia"
"2104",2104,"Rockingham","Western Australia"
"2105",2105,"Safety Bay - Shoalwater","Western Australia"
"2106",2106,"Singleton - Golden Bay - Secret Harbour","Western Australia"
"2107",2107,"Waikiki","Western Australia"
"2108",2108,"Warnbro","Western Australia"
"2109",2109,"Albany","Western Australia"
"2110",2110,"Albany Region","Western Australia"
"2111",2111,"Bayonet Head - Lower King","Western Australia"
"2112",2112,"Denmark","Western Australia"
"2113",2113,"Gnowangerup","Western Australia"
"2114",2114,"Katanning","Western Australia"
"2115",2115,"Kojonup","Western Australia"
"2116",2116,"Little Grove - Elleker","Western Australia"
"2117",2117,"McKail - Willyung","Western Australia"
"2118",2118,"Plantagenet","Western Australia"
"2119",2119,"Chittering","Western Australia"
"2120",2120,"Cunderdin","Western Australia"
"2121",2121,"Dowerin","Western Australia"
"2122",2122,"Gingin - Dandaragan","Western Australia"
"2123",2123,"Merredin","Western Australia"
"2124",2124,"Moora","Western Australia"
"2125",2125,"Mukinbudin","Western Australia"
"2126",2126,"Northam","Western Australia"
"2127",2127,"Toodyay","Western Australia"
"2128",2128,"York - Beverley","Western Australia"
"2129",2129,"Brookton","Western Australia"
"2130",2130,"Kulin","Western Australia"
"2131",2131,"Murray","Western Australia"
"2132",2132,"Narrogin","Western Australia"
"2133",2133,"Wagin","Western Australia"
"2134",2134,"Broome","Western Australia"
"2135",2135,"Derby - West Kimberley","Western Australia"
"2136",2136,"Halls Creek","Western Australia"
"2137",2137,"Kununurra","Western Australia"
"2138",2138,"Roebuck","Western Australia"
"2139",2139,"East Pilbara","Western Australia"
"2140",2140,"Newman","Western Australia"
"2141",2141,"Port Hedland","Western Australia"
"2142",2142,"South Hedland","Western Australia"
"2143",2143,"Ashburton (WA)","Western Australia"
"2144",2144,"Karratha","Western Australia"
"2145",2145,"Roebourne","Western Australia"
"2146",2146,"Esperance","Western Australia"
"2147",2147,"Esperance Region","Western Australia"
"2148",2148,"Carnarvon","Western Australia"
"2149",2149,"Exmouth","Western Australia"
"2150",2150,"Boulder","Western Australia"
"2151",2151,"Kalgoorlie","Western Australia"
"2152",2152,"Kalgoorlie - North","Western Australia"
"2153",2153,"Kambalda - Coolgardie - Norseman","Western Australia"
"2154",2154,"Leinster - Leonora","Western Australia"
"2155",2155,"Geraldton","Western Australia"
"2156",2156,"Geraldton - East","Western Australia"
"2157",2157,"Geraldton - North","Western Australia"
"2158",2158,"Geraldton - South","Western Australia"
"2159",2159,"Irwin","Western Australia"
"2160",2160,"Meekatharra","Western Australia"
"2161",2161,"Morawa","Western Australia"
"2162",2162,"Northampton - Mullewa - Greenough","Western Australia"
